CaseId to check,ownerId that should be
5a8f0bef-b7d4-4f26-be3e-1717c812f713,89fda0284e008d2e0c980fb13fb6f443
e5af9779-5f2c-4cc3-99c1-5f4f0c449962,demo_user_group_bihar
623ec635-0da4-4606-91f2-f9f9253a6ffa,89fda0284e008d2e0c980fb13fbd1d4e
4009ff60-4cb6-4108-89ef-9e65942f38c9,89fda0284e008d2e0c980fb13fb5e331
4dec8c4f-e53b-48cc-9c41-e9fe7e73b94e,89fda0284e008d2e0c980fb13fbaa622
42c6668b-a413-4eaa-8f4c-817817937fa6,89fda0284e008d2e0c980fb13fbacb8f
ccfa7e2c-3a6b-4aa4-86ad-52d1c5f40db4,89fda0284e008d2e0c980fb13fbaeaee
51cbd69e-294b-4f7d-b0a6-40149abee602,89fda0284e008d2e0c980fb13fb61202
48532e24-d24b-47dd-97cd-3d102ae96490,89fda0284e008d2e0c980fb13fbaa622
48a3dfee-9d88-460b-99e5-22eec53d51ac,89fda0284e008d2e0c980fb13fb5c91a
13b406c0-3eba-43fe-8dcc-2d84e3ee97cd,89fda0284e008d2e0c980fb13fb67859
70e289c4-9f06-4d35-830e-ae606933d3e2,89fda0284e008d2e0c980fb13fbda2e7
a4abb066-9de1-4351-979c-526edfc42e0a,83d5ef14d0ca819665bff318576c6815
e5d53162-56ac-47f0-b0ee-806b423b80e6,89fda0284e008d2e0c980fb13fbaa622
1e36b6eb-6507-450b-8a38-430c4c7285d6,89fda0284e008d2e0c980fb13fbf49a3
1f0150db-1fc1-4a12-9be1-729d928419f9,89fda0284e008d2e0c980fb13fb6f7b0
3c68aa3d-5412-4e10-842c-8725105498eb,89fda0284e008d2e0c980fb13fbe7424
c2af051e-05e8-45e5-8f9f-62d32b826b60,89fda0284e008d2e0c980fb13fbd2cf0
3c16d86e-0030-4d99-ac2b-5c60b9de2a37,89fda0284e008d2e0c980fb13fb62b56
3c377782-6804-4d69-b701-247ee4faf9b9,89fda0284e008d2e0c980fb13fbe28af
f1273400-c0ab-4e92-b0e0-a3db46174d74,89fda0284e008d2e0c980fb13fbcb037
799acc5e-bc46-4904-8c0a-d69eeaa7e4cc,89fda0284e008d2e0c980fb13fc144a8
ac2a709a-a6d1-4bc1-a0e0-b285aec92e0c,89fda0284e008d2e0c980fb13fba4eb8
bb80a9fe-4878-4628-bac3-50fe4f544211,89fda0284e008d2e0c980fb13fc1ee4a
d12c02c4-878e-4c09-85ee-e85e47cb150c,89fda0284e008d2e0c980fb13fbf6e0d
d899199e-716b-4f6e-a0de-fb07c737c9e0,89fda0284e008d2e0c980fb13fb62b56
b6be1552-b2dd-4331-8e2b-100f1d4bf57e,89fda0284e008d2e0c980fb13fb86402
6e285c48-f3c3-4ae4-beb6-89a9ea494540,89fda0284e008d2e0c980fb13fb97355
6fe62819-0409-4dda-bbea-10246a9e309a,89fda0284e008d2e0c980fb13fc067b0
31db15c0-0f44-4f36-bcbf-5f97aa91f429,89fda0284e008d2e0c980fb13fbf6e0d
41d2c2b8-3da8-4b30-aaf0-b4e6d39eb104,89fda0284e008d2e0c980fb13fb96b2b
08914948-34af-429c-9f22-c16af0b4cc55,89fda0284e008d2e0c980fb13fc144a8
59899f1d-37e8-4af5-a69b-b2e4d03fa835,89fda0284e008d2e0c980fb13fbfbaea
c0ac0d52-a617-4dce-bac4-3c3610846141,89fda0284e008d2e0c980fb13fbaeaee
0267ccb0-47a1-482b-bfa9-2730b16628f5,89fda0284e008d2e0c980fb13fbaeaee
570025eb-6fd7-4948-8c56-b830f0b60d5f,89fda0284e008d2e0c980fb13fbb371e
67976a02-bd76-4723-ba20-f0dad7a46d4e,89fda0284e008d2e0c980fb13fb6f443
c313b30b-9bee-4da0-af74-18c1d086b861,89fda0284e008d2e0c980fb13fb97355
59ad5704-f977-4372-ad6f-2f769265796c,89fda0284e008d2e0c980fb13fbacb8f
728a6030-1476-4fd1-8ff2-8661ec4260f4,89fda0284e008d2e0c980fb13fb6f7b0
6b25d49b-3a54-4de8-852a-7008fff126cf,89fda0284e008d2e0c980fb13fb8487e
0dc38ed2-f7ba-4332-83d0-479a900feec0,89fda0284e008d2e0c980fb13fbc7a2d
40282291-09fd-40a1-ba2b-639055f4275b,89fda0284e008d2e0c980fb13fb62b56
1a71f4a5-7bbf-40e4-95ca-e0b649e2ba07,89fda0284e008d2e0c980fb13fb7bb85
d3a17628-d22b-493d-a92f-2892f437a258,89fda0284e008d2e0c980fb13fbaa2c6
8b3fde29-8b02-4bb4-a9c2-87c3e80f8bfb,89fda0284e008d2e0c980fb13fb6ea3c
d1cee858-fd22-4990-aea6-96656c897404,89fda0284e008d2e0c980fb13fb9fd42
f841e5d8-a3d1-4e72-b378-e776cb2808a8,89fda0284e008d2e0c980fb13fbfbaea
0caa2f72-def6-4361-af4d-d848a6a08590,89fda0284e008d2e0c980fb13fbaeaee
da94543c-4b5b-4abc-bef5-08863f6896f8,89fda0284e008d2e0c980fb13fbda2e7
11cb158d-b9cc-4f99-9e34-b071b52dd3cb,89fda0284e008d2e0c980fb13fb7498c
94a27b8c-ec4f-477e-a23e-c5cc0a745307,89fda0284e008d2e0c980fb13fb6ef76
6eb46c72-db71-4757-9e2d-a9238a33d170,89fda0284e008d2e0c980fb13fc035e2
1cd62a60-7403-4865-b128-378396b63c86,89fda0284e008d2e0c980fb13fbea389
40186429-568f-4fce-9037-baa768c800f4,89fda0284e008d2e0c980fb13fbb9c7d
53669d9f-8b80-4c0c-b22f-040e9a3d3e9f,89fda0284e008d2e0c980fb13fb8b514
c6e0a60b-cdcd-4098-91e5-e4ad6fccb7f8,89fda0284e008d2e0c980fb13fb8b514
8166d3e3-0c64-43c0-9104-2e46a02a7ece,89fda0284e008d2e0c980fb13fc04149
73c55b50-e5e8-4281-82d6-04e47e845c0e,89fda0284e008d2e0c980fb13fbaeaee
cf2ed411-4141-45c4-8905-003b4d4e8c12,89fda0284e008d2e0c980fb13fc0f268
1358ef6b-f0ec-454c-a6a8-3cbe7364e6ce,89fda0284e008d2e0c980fb13fb6f7b0
e198fadf-7f1f-4ec7-aa17-a22578792fd8,89fda0284e008d2e0c980fb13fbc8cb6
0aef4fde-db28-46cd-a6fc-d3d05dee1d7d,89fda0284e008d2e0c980fb13fb62b56
920b5771-5173-4db8-9088-a989412390ed,89fda0284e008d2e0c980fb13fb8bdea
ada2a2b4-d870-4a17-bd1b-f9fec7b5a2e5,89fda0284e008d2e0c980fb13fbf49a3
21271f86-edae-4476-bde3-d88e76eda456,89fda0284e008d2e0c980fb13fbe8c61
e179f21a-a152-4f57-bc2f-a1588809a803,89fda0284e008d2e0c980fb13fb85103
e073b9c3-318c-4fd7-8264-0988852ab472,89fda0284e008d2e0c980fb13fba876b
553778ec-5930-42fa-9819-0b8bdb9eb26f,89fda0284e008d2e0c980fb13fb96b2b
77027c8a-6629-4596-af13-f78ea90ad737,89fda0284e008d2e0c980fb13fb6ef76
7f0fe221-25ff-4797-9137-023f1885d587,89fda0284e008d2e0c980fb13fbd1d4e
ff482cbe-5e69-4988-b22f-9068e0c78225,89fda0284e008d2e0c980fb13fba876b
8024ea16-f07e-4fab-8e21-b0111a88e480,89fda0284e008d2e0c980fb13fbf1153
ef5f6f6a-b2ee-48f8-9d3a-f5472b17e1f5,89fda0284e008d2e0c980fb13fb685ac
cf734175-8244-4ce1-b738-2257b0598b2a,89fda0284e008d2e0c980fb13fc144a8
20efd828-b20d-42ab-b952-51af3156cf1d,89fda0284e008d2e0c980fb13fbf49a3
7071daff-2302-40e6-8003-504b0c5d0277,89fda0284e008d2e0c980fb13fba76d2
635959f8-f271-4260-9ee6-5a48118897d3,89fda0284e008d2e0c980fb13fb67859
df630bde-d6a7-4de6-ba3d-dce8eb83e9fd,89fda0284e008d2e0c980fb13fb6ef76
73100ffe-13d6-4df4-ba11-5c531c7be7e3,89fda0284e008d2e0c980fb13fbe8ed0
23f5092e-05eb-4905-8e1f-03bc06b75fcd,89fda0284e008d2e0c980fb13fbe8ed0
2589e7e5-f619-4c23-beee-9346a4a60d8f,89fda0284e008d2e0c980fb13fc09595
2877aae4-9d7f-43cf-b37c-9d4d68cc339a,89fda0284e008d2e0c980fb13fb6174a
3d537df0-9ea5-47cc-ab62-4e3b44e47fbd,89fda0284e008d2e0c980fb13fbd9e96
7e697726-20da-4982-9939-48415695e545,89fda0284e008d2e0c980fb13fc00ad4
cd3aae38-a59c-4a95-b7a5-58b2ef2f1e67,89fda0284e008d2e0c980fb13fbacb8f
3c52cf74-c7b1-4d2c-93c2-b6c99670af1b,89fda0284e008d2e0c980fb13fba42ee
de2aac7b-8271-4d6b-a973-8909e94ed5de,89fda0284e008d2e0c980fb13fbae2b2
039aba47-178b-46cc-b519-acfe4fa61505,89fda0284e008d2e0c980fb13fba4eb8
49233e1a-0847-47be-bdb5-50b003fc52f2,89fda0284e008d2e0c980fb13fb89aca
154e81a8-b092-48f8-a53e-87abef1e8ae0,89fda0284e008d2e0c980fb13fb67859
6083eada-c2c8-4dca-b3b9-22b9a10170d6,89fda0284e008d2e0c980fb13fbaeaee
c1467a35-8735-4b6b-899d-4a1787bb9518,89fda0284e008d2e0c980fb13fb7188d
3d9ef442-f308-4557-8bc5-101968d49f12,89fda0284e008d2e0c980fb13fba76d2
8deeeca8-4c5e-4f16-a060-a7dcb1d30ad8,89fda0284e008d2e0c980fb13fb67859
521090e0-e158-4a74-a1db-5284de80a6f2,89fda0284e008d2e0c980fb13fb7188d
e547664a-4d31-4bbf-8a1d-3b18c42a02e2,89fda0284e008d2e0c980fb13fbf6e0d
2a867457-2dc5-4095-8b40-0f3bb7927686,89fda0284e008d2e0c980fb13fb98901
09c9cc67-949e-415d-9551-36e64ee87aeb,89fda0284e008d2e0c980fb13fba876b
f1b8d32b-7d8c-4747-8299-6ae499bb07e3,89fda0284e008d2e0c980fb13fbcb037
7027547a-4c63-4a2a-a651-79729125805a,89fda0284e008d2e0c980fb13fbe4a5d
c0f99f31-8450-41e8-babb-ab2ead6dd59b,89fda0284e008d2e0c980fb13fc00ad4
9bfe575f-dce1-4824-8e2e-02fffb839f54,89fda0284e008d2e0c980fb13fbe8ed0
74bdb5fc-fcfe-4014-b493-b124d33c3ae2,89fda0284e008d2e0c980fb13fb5c91a
bcfb06a6-1b52-4c62-b08d-f136890609de,89fda0284e008d2e0c980fb13fbe8c61
b0236bf6-ee76-4199-9f86-ebee76947cfb,83d5ef14d0ca819665bff318576b2cfa
0b7f858d-bca2-4d66-a87b-24d252116efb,89fda0284e008d2e0c980fb13fc04149
bcf499fb-a7fc-40c1-93bc-a40d512756ff,89fda0284e008d2e0c980fb13fb7bb85
31914422-b7ab-4a8f-9288-883743af6813,89fda0284e008d2e0c980fb13fc144a8
0fb20b02-a55c-4c16-b5d2-6fd9eaaac184,89fda0284e008d2e0c980fb13fc1ff2e
3f2f0e51-bdb9-451f-b7dd-6db18c357450,89fda0284e008d2e0c980fb13fbaeaee
1a938e37-6b99-498c-8ec0-f9202fe21561,89fda0284e008d2e0c980fb13fbfbaea
ea9e26be-ead9-4bac-afae-1be7601f9319,89fda0284e008d2e0c980fb13fbaa622
14bfb003-d3bf-4ef3-a5d8-95f9ad6eef14,89fda0284e008d2e0c980fb13fc04149
a6702c39-061d-4983-879c-5c9f6e6897de,89fda0284e008d2e0c980fb13fb6cc58
f1045050-d87f-446d-ae39-a41233fd8a18,83d5ef14d0ca819665bff31857694934
14b2d3a0-e108-4a28-a212-f0af6318180f,89fda0284e008d2e0c980fb13fc000b9
77a84993-609b-4902-bd71-43de455d9b93,89fda0284e008d2e0c980fb13fbfbaea
7fbd4c73-f0b5-4497-880a-781e35d2b44c,83d5ef14d0ca819665bff31857694934
3cedd3fd-d7bb-4595-b2f2-8757a5eeed69,89fda0284e008d2e0c980fb13fb5e331
49614769-ddd7-47ea-a450-6ecb75f9d2b7,89fda0284e008d2e0c980fb13fb5c91a
647391c5-20ce-4e2c-a528-d651be57639d,89fda0284e008d2e0c980fb13fbe73bd
fe0dc920-8ee7-4e50-bbc5-38a8585f5684,89fda0284e008d2e0c980fb13fbaeaee
1b9ddc1f-d0e2-4394-96aa-5d5a34362e56,89fda0284e008d2e0c980fb13fbc7a2d
e0eb58a7-923e-4765-b047-0cfd5b7cf51b,89fda0284e008d2e0c980fb13fbf7e91
2345a055-77f4-4bee-b840-9ab1d815b0eb,89fda0284e008d2e0c980fb13fc04149
e0a8d514-561d-4113-b4d3-32030bb54743,89fda0284e008d2e0c980fb13fbe4a5d
1fb0a2d7-32ad-470b-8a80-8beb394b3fa6,89fda0284e008d2e0c980fb13fc1ee4a
9de3d9ac-c382-4b52-9f08-ebae0c6dc94b,89fda0284e008d2e0c980fb13fbe28af
33badbdc-0054-4d58-bb59-3b87e3cabd57,89fda0284e008d2e0c980fb13fbda2e7
fae7cff2-eedf-41b9-b42f-d6bcbb9036e5,89fda0284e008d2e0c980fb13fc04149
b883f5ca-e951-419c-9585-c681ff9113bf,83d5ef14d0ca819665bff318576a4fa5
da26f691-cca6-40cf-bafe-ffead9ba58d8,89fda0284e008d2e0c980fb13fbda2e7
444b5444-a5fd-4c77-ad2a-0310c5bd5935,89fda0284e008d2e0c980fb13fc04149
cce820e8-716c-42d2-b148-3dc9d80bdfb3,89fda0284e008d2e0c980fb13fbe73bd
eb49d74d-dea8-467e-ab9e-de5098947a9d,89fda0284e008d2e0c980fb13fc04149
7cd2ee8e-260a-4b3b-af8d-dcc350205e2c,89fda0284e008d2e0c980fb13fc20d99
0f1d05c1-f1d7-4db0-b30e-cfccc225f93d,89fda0284e008d2e0c980fb13fb97361
c777e724-8c85-4b4b-ac89-89c4258fd02c,89fda0284e008d2e0c980fb13fb5c91a
f3880479-1f92-4e7f-9c53-ff68bc866b23,89fda0284e008d2e0c980fb13fbc7dce
38922858-45b9-4a20-96bd-709f2e86fa11,89fda0284e008d2e0c980fb13fbca491
b4ddfd45-6ce6-4ce4-91d1-43efb2d6f4b7,89fda0284e008d2e0c980fb13fb7188d
77ae857c-a6ce-442d-959d-084e47e8cd44,89fda0284e008d2e0c980fb13fba3c73
8d007cac-db8d-4f22-abfd-77d83008fadd,demo_user_group_bihar
e6834ed0-e02e-4d1e-86db-28d4b063578a,89fda0284e008d2e0c980fb13fc02dd1
a4d256ed-905e-4f66-ad3b-f4d61e99923b,89fda0284e008d2e0c980fb13fbaa622
c5036056-fc97-4b72-acea-f5ea07fddc64,89fda0284e008d2e0c980fb13fb6ef76
79faa82d-6ee6-4b53-95bf-af3e8b2eebd1,89fda0284e008d2e0c980fb13fba8ae4
ff45e8a1-64c2-44ca-9ddf-e986a9280791,89fda0284e008d2e0c980fb13fbc6494
c9527dab-1a90-416d-b2cf-08bb9aee551d,89fda0284e008d2e0c980fb13fb6ef76
bb171ebb-baca-4adf-9e73-3740bc593b62,89fda0284e008d2e0c980fb13fb5f713
33d23c7e-f992-47f5-961b-6672a41a4844,89fda0284e008d2e0c980fb13fbc45c4
4cb8c4fa-411b-4e11-a995-c2fbe50d3f35,89fda0284e008d2e0c980fb13fb64240
b5f2e9a7-16f6-4c7f-b390-07eec39ac3fc,89fda0284e008d2e0c980fb13fbda2e7
52f96ade-1681-472f-8ffb-5350b19f076d,89fda0284e008d2e0c980fb13fc1ee4a
6cefff81-8b1e-4a4e-99ce-a6f0d9295c2b,89fda0284e008d2e0c980fb13fbc7a2d
e8f1806f-3b60-4cd6-bc27-6d99bf7a11e2,89fda0284e008d2e0c980fb13fb8487e
6dd58f1e-1956-4435-bcc7-f05bd10c16b1,89fda0284e008d2e0c980fb13fba76d2
968e0705-642c-459e-98dd-d3dde5e9a3f8,89fda0284e008d2e0c980fb13fbe7424
5e54563c-f0fa-4985-910d-5dde5890608b,89fda0284e008d2e0c980fb13fbeae68
028e8de3-7cca-4250-82fd-4ebdf05ae5bb,89fda0284e008d2e0c980fb13fba2b8a
23e03d74-71c5-4901-9a55-7cd24f7ca3c9,89fda0284e008d2e0c980fb13fbf6e0d
425febee-4caf-4a5e-a427-e9204692614c,89fda0284e008d2e0c980fb13fbc7dce
24bc9d27-8857-43b5-b86c-67fa80efd05e,89fda0284e008d2e0c980fb13fbe28af
4737771b-89ac-44e8-8aac-6458a87b5b70,89fda0284e008d2e0c980fb13fba42ee
9c0d02b5-6db7-4eb4-95ba-77a22d3d1be0,89fda0284e008d2e0c980fb13fb67859
b895a3df-0ab0-45b7-b562-22f27c09af10,89fda0284e008d2e0c980fb13fc04149
01ebaa27-16df-44f9-8a8b-822559a8668f,89fda0284e008d2e0c980fb13fbc7a2d
a84b1d34-d4e7-4084-a336-522d8ce90342,89fda0284e008d2e0c980fb13fb6ea3c
bc38816f-4d59-40f9-8100-9b0a2f88cec6,89fda0284e008d2e0c980fb13fbe28af
bb1907d4-4fe7-47b7-b5fd-13d495000787,89fda0284e008d2e0c980fb13fbc7dce
14dd93b1-3d18-42d5-87ab-c82423cf1fbb,89fda0284e008d2e0c980fb13fba42ee
80705d83-e5e6-42a6-8a74-89cec75e0141,89fda0284e008d2e0c980fb13fba4eb8
16bb8b26-865f-4999-a29c-259f83726dcf,83d5ef14d0ca819665bff318576a9a10
0d92fa45-bda8-429f-a8f1-c8398e011cf8,89fda0284e008d2e0c980fb13fbc45c4
00fee8c2-2b03-4c31-9d0a-64426a711ef3,89fda0284e008d2e0c980fb13fc00ad4
df70d618-3214-488a-b8ce-93a9476e91ba,89fda0284e008d2e0c980fb13fb5e331
402f1e64-8dc2-42d9-921c-0fa7fe87521b,89fda0284e008d2e0c980fb13fbaa622
955ba4dd-1fb1-470a-a3bb-83555f7b73b2,89fda0284e008d2e0c980fb13fbaa008
c7b97bb2-9c22-43c0-a8e8-5275c993eb4c,89fda0284e008d2e0c980fb13fb96b2b
a8407ed9-a9c7-4889-bfc0-8f50c12b3ebc,89fda0284e008d2e0c980fb13fbb42ed
3daba83e-e12d-47b2-9980-d0bc066aa779,89fda0284e008d2e0c980fb13fb92f7d
08e62b0c-2d15-4c54-bea9-a88042c2d2c5,89fda0284e008d2e0c980fb13fbb42ed
41810c36-d5b4-4f3e-a45a-912abc77ef45,89fda0284e008d2e0c980fb13fbe8c61
e9f35c75-dda2-414a-9552-3d33fb607ec8,89fda0284e008d2e0c980fb13fb89aca
18e6fe33-3493-4201-9916-1a604f069625,89fda0284e008d2e0c980fb13fb97355
19db9035-2d73-4808-b83c-50a9f4c7a800,89fda0284e008d2e0c980fb13fc24932
b202e961-4b8f-438d-8053-89484f330ea9,89fda0284e008d2e0c980fb13fbd1d4e
f3ffb833-13fd-4983-9ef4-68f35bd0cc35,89fda0284e008d2e0c980fb13fc04149
350fae1c-90de-4286-8ecb-9f42e773b62b,89fda0284e008d2e0c980fb13fbd1d4e
79b9a80d-adca-4a0e-be55-fbcd81ec7a1a,89fda0284e008d2e0c980fb13fb8487e
9aac1be5-9ee2-4837-8f58-442f87888b85,89fda0284e008d2e0c980fb13fbb42ed
5d00ad1a-3549-4e2b-8db5-38c3067acf21,89fda0284e008d2e0c980fb13fbb42ed
9fe3aa31-47a2-4994-9573-b95f459649ce,89fda0284e008d2e0c980fb13fc144a8
214b87ff-eba2-4c35-b96f-b108729bca20,89fda0284e008d2e0c980fb13fba76d2
5b5246bc-f5eb-4123-a598-a5319d144a3f,89fda0284e008d2e0c980fb13fbe8c61
3296d4ec-75df-4ecd-9622-22e9147ae1de,89fda0284e008d2e0c980fb13fba76d2
cf38b53f-b266-4874-bb90-8abc598d4192,89fda0284e008d2e0c980fb13fb97fda
db092c12-6713-4baf-8a4c-7cce11dbbd0c,89fda0284e008d2e0c980fb13fb97fda
6a6f4d92-910f-4d6d-88c5-b094a8be4b29,89fda0284e008d2e0c980fb13fbaeaee
5f9b98c7-4178-46ac-9cc6-5f0dc2c7834f,89fda0284e008d2e0c980fb13fbaa622
7d05dd0d-8bf1-442d-91cb-ea0463556cb7,89fda0284e008d2e0c980fb13fbb371e
215cb735-01be-4d3d-8a8f-001fa107378c,89fda0284e008d2e0c980fb13fbb42ed
bffd9b0e-265f-489d-a869-4c6c6a94953e,89fda0284e008d2e0c980fb13fb8bdea
63a567be-2405-493a-9472-b6595760d8ed,83d5ef14d0ca819665bff318576cd135
6350c73e-7461-496c-a27d-8a5e2e1d571d,83d5ef14d0ca819665bff318576cd135
808bca16-3cc3-413d-96c4-b2bdefae13d5,89fda0284e008d2e0c980fb13fb7151b
dc6f59e9-b3d6-4a31-97a5-b0cb9e44f4a4,89fda0284e008d2e0c980fb13fb7498c
4fe60e6f-cdea-4b65-8978-8ddea1e95b2f,89fda0284e008d2e0c980fb13fbaa622
4f34ed16-459e-4056-9e25-e9bdeb1a9cce,89fda0284e008d2e0c980fb13fb96b2b
6637383e-1769-4344-bc0a-ab9c55bc133d,89fda0284e008d2e0c980fb13fb5e331
db48a806-764d-44e1-9062-a1f36e860b75,89fda0284e008d2e0c980fb13fbaa622
03dfe372-cb57-4c53-8f4c-fd4ddc0ed65b,89fda0284e008d2e0c980fb13fba42ee
b7b84ff9-3c25-431a-abb4-0b49ca4970c4,89fda0284e008d2e0c980fb13fb5e331
e6bedabe-628a-4773-b258-34a92bf4547c,89fda0284e008d2e0c980fb13fbae2b2
e2730059-83a6-4691-9292-ffcc87df097d,89fda0284e008d2e0c980fb13fb86402
8beef16a-488b-4f58-b6a2-4592f9398fb3,89fda0284e008d2e0c980fb13fb5e331
1678654a-d82b-4a56-8ec8-b71e39e8e9be,89fda0284e008d2e0c980fb13fbe8c61
9a0cc887-0127-4f38-a113-7346a9057fb1,89fda0284e008d2e0c980fb13fc144a8
7193404a-f4a1-4c96-9c56-44a72153f618,89fda0284e008d2e0c980fb13fb6f163
93c2cce0-2ec5-4ea1-819d-bcb12d8d2721,89fda0284e008d2e0c980fb13fc04149
c37ecc35-933c-486b-88d5-9727a4b724f6,89fda0284e008d2e0c980fb13fc04149
eff07c4a-4ad5-4578-9b1b-d00a53cd8f14,89fda0284e008d2e0c980fb13fb5c91a
3d4979df-ac50-4706-8c1c-463f2413bbd9,89fda0284e008d2e0c980fb13fbd2cf0
42945721-4685-469f-bac9-271f299f0ee8,89fda0284e008d2e0c980fb13fb98901
8085440e-de9c-4114-974e-213c614ee8cc,89fda0284e008d2e0c980fb13fba42ee
f782eeef-632c-4b9b-9466-3b87e71a0e86,89fda0284e008d2e0c980fb13fbc7dce
0cfe7efc-f46e-471d-ac15-869a4fbb417a,89fda0284e008d2e0c980fb13fba76d2
44b6eeb9-cfa2-44c7-b538-a4bfd9b75ae2,89fda0284e008d2e0c980fb13fbce343
54aaa187-9efa-4c35-a391-ac476105b5d6,89fda0284e008d2e0c980fb13fbd2cf0
a6adb5bc-904f-4b43-828a-924b7e67e25c,demo_user_group_bihar
2d753380-76d3-4328-8171-5315d1757bf0,89fda0284e008d2e0c980fb13fbab3cb
b2fb3814-5bc2-4ca7-9c2c-83361e5489bc,89fda0284e008d2e0c980fb13fb89aca
5e00ec87-8a71-4563-839b-d284bbfe53d8,89fda0284e008d2e0c980fb13fb6ef76
5982648c-2e40-4fab-adad-d188c9e35804,89fda0284e008d2e0c980fb13fbab3cb
a19eb82b-5e75-4744-b485-182d1d175881,89fda0284e008d2e0c980fb13fbea389
4586c962-7e9e-4ab1-9d6a-ce0e27032192,89fda0284e008d2e0c980fb13fc15bd7
13e56629-57f6-43d6-b2fd-2db6782adcdb,89fda0284e008d2e0c980fb13fc1ee4a
e89b1047-b13b-4cb2-9710-93b00153903f,89fda0284e008d2e0c980fb13fb8487e
35b40b9d-ec16-4457-8528-9d771edf9c42,89fda0284e008d2e0c980fb13fba876b
5880c4e1-133e-4f3e-a15c-1165f7ff96a7,89fda0284e008d2e0c980fb13fc02dd1
5ae0f348-e626-40e2-a5e9-b31d81be0c0e,89fda0284e008d2e0c980fb13fb62b56
967e331e-bec7-4aea-81dc-cb5f47e3efd3,89fda0284e008d2e0c980fb13fc02dd1
716128bb-c912-4c21-8a0c-45af51ae74aa,89fda0284e008d2e0c980fb13fc144a8
fa9fe60c-4063-4e8e-9235-d7dba794df9b,89fda0284e008d2e0c980fb13fbe8ed0
30d569fe-7b00-4030-a32b-98beff7fe369,89fda0284e008d2e0c980fb13fb67859
74d659e4-52a7-447a-918f-86852550f545,89fda0284e008d2e0c980fb13fb685ac
33a87e64-ee80-4b6c-8541-c7659ca5372c,89fda0284e008d2e0c980fb13fbf2bd5
798aad76-a6e8-4764-8c00-33be7b782736,89fda0284e008d2e0c980fb13fbe8c61
e236cb90-bc16-45f0-a884-8f39a7703391,89fda0284e008d2e0c980fb13fbfbaea
a2dc2963-0dd1-4471-8b94-54b708e4d9f2,89fda0284e008d2e0c980fb13fb5c91a
8e6f36f8-abf9-4b34-9856-0e7e68faa97b,89fda0284e008d2e0c980fb13fba76d2
be3892d3-9518-41b9-ae03-ee6823e385a8,89fda0284e008d2e0c980fb13fbc7dce
2b717578-2e7c-4caf-b48b-a6477f2f709e,89fda0284e008d2e0c980fb13fc144a8
ac99cb96-8b75-4e76-8322-95ccc4c6d9a2,83d5ef14d0ca819665bff318576cd135
eef866eb-fe17-44ff-a293-179915650d92,89fda0284e008d2e0c980fb13fbd2cf0
b611fe1f-3220-4782-b326-47e1c58b70ad,89fda0284e008d2e0c980fb13fbab3cb
8f02acc0-a0aa-4276-ace0-d966564a1364,89fda0284e008d2e0c980fb13fbab3cb
3bc7f366-51e0-4677-bd77-a57066f7cdf4,89fda0284e008d2e0c980fb13fbae2b2
f839828b-caf0-4915-b261-5feec9e543be,89fda0284e008d2e0c980fb13fbd9e96
a5bf19b4-277c-4a79-84ce-5718e762b142,89fda0284e008d2e0c980fb13fbc8cb6
01b52b7e-e40b-471a-92e6-7a3f3726afb7,89fda0284e008d2e0c980fb13fbae2b2
31247711-7b37-42fa-a303-dddf25508bcf,83d5ef14d0ca819665bff3185769f0a3
433b44bf-e300-4b3c-ad7a-83dff2650db8,89fda0284e008d2e0c980fb13fb67859
38f744b5-9d32-4c6a-b5ea-630a3af2e9ce,89fda0284e008d2e0c980fb13fbe4239
796f6bda-4e0c-495c-86d7-3c2fedb78ac8,89fda0284e008d2e0c980fb13fbb42ed
78ba56b3-dc61-4a8e-ba47-1f420eedf095,89fda0284e008d2e0c980fb13fc04149
978a6029-70b9-4d9e-8b98-a065be0d452b,89fda0284e008d2e0c980fb13fc02dd1
b98c4150-f512-4953-a484-717c69790af3,89fda0284e008d2e0c980fb13fc1ee4a
f4e45308-20b3-46f0-b06e-b20f9de37aef,89fda0284e008d2e0c980fb13fbbaeca
9e0e8bed-2beb-474e-8a6f-4802d1080042,89fda0284e008d2e0c980fb13fb98901
bc6024e1-b776-4e27-9a29-931c9252c050,89fda0284e008d2e0c980fb13fbbc276
c703be51-fb1b-42bd-bc67-6ba1078d6ecc,89fda0284e008d2e0c980fb13fbcb037
269fa243-643a-4a04-ba06-678b8858434c,89fda0284e008d2e0c980fb13fbcb037
e1b63eac-e00d-4a1b-a83b-89c44c4d8829,89fda0284e008d2e0c980fb13fc12c4f
d9a2142a-f327-487b-97be-c0bef8fff6bc,89fda0284e008d2e0c980fb13fbda2e7
e4909b9e-4787-4b7d-95a3-f5fe929d1c81,89fda0284e008d2e0c980fb13fc02dd1
130266f6-b783-4d15-b6ed-a9c108a16eaa,89fda0284e008d2e0c980fb13fb97355
bd88beb0-6729-4ded-b67e-07d8d140c266,89fda0284e008d2e0c980fb13fb62b56
ea35007e-b7ef-46f0-ae7a-c40ef4c62174,83d5ef14d0ca819665bff318576a9007
9195299a-3ec0-4134-988f-73068ea38e55,89fda0284e008d2e0c980fb13fbaaa4c
1845e30c-4944-477f-aa9d-7db3b21da83f,89fda0284e008d2e0c980fb13fbaeaee
1e2f4eb8-70cc-45a2-99bf-a62147669095,89fda0284e008d2e0c980fb13fbeae68
d4f0d1f5-c177-4806-9a42-47b60269a385,89fda0284e008d2e0c980fb13fc12c4f
0f6b8454-d720-4a7a-a06f-9aa84aa458e2,89fda0284e008d2e0c980fb13fc00ad4
c0f2bd03-5bcf-4b7c-be18-5f92e3c734db,89fda0284e008d2e0c980fb13fbd1d4e
373866b0-9d4d-45bd-bc29-2d753ba40922,89fda0284e008d2e0c980fb13fbe28af
f6a9e614-b471-46e3-879e-5de0cf661e3f,89fda0284e008d2e0c980fb13fb64240
09b78a42-7164-42da-b277-a66d7988210a,89fda0284e008d2e0c980fb13fc144a8
cf18ab3e-a41b-4ed4-9f74-054d932d99fd,89fda0284e008d2e0c980fb13fbecfd7
f75f8079-657e-44e3-a6f9-08fb56a690a9,89fda0284e008d2e0c980fb13fb6f443
c2cf2771-a727-4992-853c-892d817e432a,89fda0284e008d2e0c980fb13fba2b8a
3acbd822-deb9-4162-be8f-a2e8e7a2f7e9,89fda0284e008d2e0c980fb13fba01e3
92326c6b-f429-4c26-b91b-65d3de878e24,89fda0284e008d2e0c980fb13fb6f7b0
e61010f5-822a-4409-8526-20c683ff5dc3,83d5ef14d0ca819665bff318576e206b
21b00e39-4e62-4344-a66c-9a819bc59cb5,89fda0284e008d2e0c980fb13fb67859
ad947218-848b-4140-a3bb-7727ca43c016,89fda0284e008d2e0c980fb13fbfbaea
e424d5ed-f475-4e80-be91-827ee40eb141,89fda0284e008d2e0c980fb13fbcb037
41366d3a-946d-4447-88e1-cbc1d88fd68a,89fda0284e008d2e0c980fb13fbaa622
d3c9e220-01fe-4758-9b64-8bb31797e4c3,83d5ef14d0ca819665bff3185767ec89
3225d797-a823-4b5b-b22a-b2bed5c55423,89fda0284e008d2e0c980fb13fbda2e7
45a067ba-619c-4898-90d3-c1495ba38b03,89fda0284e008d2e0c980fb13fb6ef76
0a551344-7d25-46dd-be5c-5c2247f0536a,89fda0284e008d2e0c980fb13fb6ef76
43ee8a10-479a-48d0-9af1-fc3a4b80da48,89fda0284e008d2e0c980fb13fbaa622
f6167c97-5066-4838-b15b-915644f08c97,89fda0284e008d2e0c980fb13fbaa622
7e705dd6-76bc-4e82-a1ef-f5f38227c20e,89fda0284e008d2e0c980fb13fbff87c
c78d4477-e6c9-4dd6-b599-3904e6596381,89fda0284e008d2e0c980fb13fb6ef76
60507607-4c45-46a7-bdd8-3a57fe24d924,89fda0284e008d2e0c980fb13fc1ee4a
f1178164-fe78-415e-a80e-8d4c70c98762,89fda0284e008d2e0c980fb13fb5e4d6
ea93b5c7-ada4-4bc5-9b5a-58d69281aa01,89fda0284e008d2e0c980fb13fbcb037
be73437d-bab7-4430-b8d8-4ede68af17ce,89fda0284e008d2e0c980fb13fbe73bd
89ac1405-fb6e-4fa3-8865-d66829f22868,89fda0284e008d2e0c980fb13fc1ee4a
492a656b-a8bd-4b97-8689-d1812926c8e1,89fda0284e008d2e0c980fb13fba8679
610b3b47-b384-4ccf-b16c-6b22a1af94de,89fda0284e008d2e0c980fb13fc04149
a8330d53-21e3-4bca-807d-2e072aacbc44,89fda0284e008d2e0c980fb13fbc7a2d
eb0dd76d-9706-4a70-b89e-ff06f3edac3d,89fda0284e008d2e0c980fb13fb62b56
640a6fb8-f4df-4cb4-b85f-a4e25b68346d,89fda0284e008d2e0c980fb13fb98901
8ec9d1e3-ae97-4e92-bdfe-4def467128a0,89fda0284e008d2e0c980fb13fc21260
1f1f2f99-e781-486c-be80-1f9a1105a0f7,89fda0284e008d2e0c980fb13fc04149
24e437c6-e139-4470-bcba-9e74414f9b04,89fda0284e008d2e0c980fb13fc00ad4
89557854-e19f-4965-8efe-24b2b632e571,89fda0284e008d2e0c980fb13fbad3f6
275e04d2-4c49-4a0b-9584-97d8dd044dca,89fda0284e008d2e0c980fb13fb67859
4728864d-a496-4af4-9427-b401bc395cab,89fda0284e008d2e0c980fb13fba4eb8
89053c3c-e95f-482a-8c14-e944874d30bd,89fda0284e008d2e0c980fb13fc00ad4
ab5206d7-88ff-4703-826d-ab0d44f455c6,89fda0284e008d2e0c980fb13fba876b
b79a1c95-1365-4cb7-b645-3dbe630f5f0d,89fda0284e008d2e0c980fb13fbe73bd
83f28194-9262-4b9c-81df-e7e60a0b51fa,89fda0284e008d2e0c980fb13fb5c91a
75f6ca2e-b2c8-438d-bd8e-dae69ace7456,89fda0284e008d2e0c980fb13fba2b8a
c567bb34-50b3-4127-9641-8d2c4ea3a277,89fda0284e008d2e0c980fb13fb8b514
5b262773-ac7b-4cba-a4ed-f2bef98c146b,89fda0284e008d2e0c980fb13fc1634c
b9ec353d-3b28-4d83-b1e5-9c94ae62b214,89fda0284e008d2e0c980fb13fba2b8a
837a2bf5-78b8-41ab-b39f-f5449ce1d35b,89fda0284e008d2e0c980fb13fba4eb8
c92edb5d-50b4-4e30-b386-8097f2bf9e6b,89fda0284e008d2e0c980fb13fc1ff2e
a2318929-dd2f-4aaa-9f86-2ba3cefbd15c,89fda0284e008d2e0c980fb13fbacb8f
5fc24b70-f9dc-40ed-b03d-0fb7dadbfbce,89fda0284e008d2e0c980fb13fbacb8f
d71610f7-66d5-4bac-b857-fe3ac723befe,89fda0284e008d2e0c980fb13fb61202
a108e5a2-ed22-4212-8747-91dd33e52ef5,89fda0284e008d2e0c980fb13fb6ef76
7b5f8619-840a-4d04-a7db-dc8dc5653b98,89fda0284e008d2e0c980fb13fb96b2b
ca4b1025-6192-4f30-ac84-54e8fc7c6046,89fda0284e008d2e0c980fb13fb67859
b8b42263-6ba5-42f5-8634-34e3325d852e,89fda0284e008d2e0c980fb13fba76d2
2ed4e26a-6279-445e-9e82-bf9f0832fafa,89fda0284e008d2e0c980fb13fc15bd7
4f819b82-b5a2-43aa-b8b0-621ea341cafd,83d5ef14d0ca819665bff31857673217
b80cbecf-4f01-4868-b738-891a10123c04,89fda0284e008d2e0c980fb13fc000b9
3c161024-7009-4839-9f3c-427774b789a3,89fda0284e008d2e0c980fb13fbe8c61
88de676b-e7a7-463f-b8ba-53bf0249ffe7,89fda0284e008d2e0c980fb13fba876b
8cce4bb5-484b-488d-a591-5bdd22852e5f,89fda0284e008d2e0c980fb13fc02dd1
aa0f9a8b-48a6-40fa-8a9e-90f206a27904,89fda0284e008d2e0c980fb13fbe3365
45f454c7-35d9-45ae-889a-753cc8c5c448,89fda0284e008d2e0c980fb13fbf49a3
075b559b-f8be-409f-b2db-067e34faf740,89fda0284e008d2e0c980fb13fc00ad4
701cdff2-eb0d-4d43-bb55-1a40fc70ef1f,89fda0284e008d2e0c980fb13fb97355
a570c417-0e32-4016-8f70-7984e8b9135d,89fda0284e008d2e0c980fb13fc1ee4a
4c4a902c-58ed-446b-86c1-7fe3739ece19,89fda0284e008d2e0c980fb13fbe28af
7b670ebc-7a0f-467b-a514-ef899184cbec,89fda0284e008d2e0c980fb13fbeae68
f1634fb3-c7ef-47ff-8cbf-b50793ffd3c8,89fda0284e008d2e0c980fb13fbe4a5d
fc289fb3-85c8-4657-8bc0-f3f3bb859e78,89fda0284e008d2e0c980fb13fbe8c61
2f35c78c-95ba-4b3c-b307-0bc87a922863,89fda0284e008d2e0c980fb13fbfbaea
728f746f-3424-4827-bac5-11c237c055f3,89fda0284e008d2e0c980fb13fbd9e96
90bc8655-ba61-4922-b118-767c615fac1d,89fda0284e008d2e0c980fb13fb5c91a
6743bc6f-e362-4d90-b1a8-26a9c258bb44,89fda0284e008d2e0c980fb13fba2b8a
f8cd6d5c-81bf-49a3-90d1-130c768597e4,89fda0284e008d2e0c980fb13fb6ef76
35599501-2f55-4181-8345-f04b68aa592d,89fda0284e008d2e0c980fb13fb86402
abe68039-16a7-4aa3-a950-3176ef40f1b4,89fda0284e008d2e0c980fb13fb649b6
7acf29fb-a397-4f17-b037-722fd4e69424,89fda0284e008d2e0c980fb13fbab27d
843767b4-44fd-4bdd-ba7e-a703d4a4ebe7,89fda0284e008d2e0c980fb13fba4eb8
d0842b69-cd78-49d7-b4fe-bf00c9bfb60d,89fda0284e008d2e0c980fb13fb97355
c50f349a-b611-4dce-a25d-6d28bb110212,89fda0284e008d2e0c980fb13fbe7424
e1f68aad-97ca-4c87-82e6-57b29ea5cd8b,89fda0284e008d2e0c980fb13fbaa622
7fc9d4e7-5f1a-422c-8b91-f8cec7efa7db,89fda0284e008d2e0c980fb13fbfbaea
8fa829a4-0646-4c1e-ae1b-7ba6a3a1fcaa,89fda0284e008d2e0c980fb13fbaa622
76b1bb52-0f02-4b54-bf6a-558f339a1132,89fda0284e008d2e0c980fb13fbe28af
c938f4f7-28f0-4879-b55c-ae2c155cfbea,89fda0284e008d2e0c980fb13fc1ee4a
5e5871d5-7e1e-4b91-9369-a6920e39e6a1,89fda0284e008d2e0c980fb13fbd1d4e
ad56eff5-6ed2-4199-91f7-34edabce3d6a,89fda0284e008d2e0c980fb13fc035e2
6ef992f0-8a92-4aa9-ab9f-dd19a1bcfc57,89fda0284e008d2e0c980fb13fba8679
e9f32b3d-9997-42c5-8b44-e3696cd638b8,89fda0284e008d2e0c980fb13fc12c4f
1b4679ae-4c76-4d56-a69d-89ccbb050817,89fda0284e008d2e0c980fb13fc12c4f
2ee72e73-2c96-4338-a453-16fc5516eaac,89fda0284e008d2e0c980fb13fb8b514
aaa9acc2-2e3e-4d31-b2af-7ee12db4703e,89fda0284e008d2e0c980fb13fbc7dce
de9310de-6317-42e4-b2c8-d3061c27bbf0,89fda0284e008d2e0c980fb13fbe28af
dedda582-0432-4ffa-b5bf-36aa6adfbaed,89fda0284e008d2e0c980fb13fbf49a3
0f7972a0-711c-4c93-bed4-9b5fdf73bdaa,89fda0284e008d2e0c980fb13fb75d32
88068bd7-5446-4dd9-a676-15f950e5b4b7,89fda0284e008d2e0c980fb13fb685ac
ccb7764b-b572-4860-9516-4d67246e6be0,89fda0284e008d2e0c980fb13fbd2cf0
14322029-77bf-44b2-a0e3-f455b8294ff9,89fda0284e008d2e0c980fb13fbf49a3
dc7abbcf-14d4-4d98-ae0d-b00304dfcee0,89fda0284e008d2e0c980fb13fbabd4b
92857aa0-8ce2-407e-9e63-c3e05956ca6e,89fda0284e008d2e0c980fb13fc04149
26456ecd-81d8-4612-a02b-7107b01756e1,89fda0284e008d2e0c980fb13fbda2e7
4e458d72-bd3d-4300-967b-547a749dfb6e,89fda0284e008d2e0c980fb13fbd47a7
e7e1447b-76b2-4d02-b460-f19f6e454a32,89fda0284e008d2e0c980fb13fbce343
b6a90b1f-2b36-441f-9f35-13857aa82313,89fda0284e008d2e0c980fb13fbaa622
d86ed86f-288a-4918-aee5-f1f4cc6b3b42,89fda0284e008d2e0c980fb13fbca491
85e3797d-c375-4561-a424-9ce222680c26,89fda0284e008d2e0c980fb13fbb371e
706354eb-b72a-4a8a-bd6f-bd3c62c978de,89fda0284e008d2e0c980fb13fbb371e
2661ade5-2bb5-403b-b021-a3752ff1c552,89fda0284e008d2e0c980fb13fba2b8a
883a93b3-b6fe-4e11-b4ab-6fa761cdc560,89fda0284e008d2e0c980fb13fb9777e
fc3b7269-5edc-46c2-bb9c-38544f5ce4a8,89fda0284e008d2e0c980fb13fbd1d4e
25ba5c9b-9865-44ae-8d37-4f0b81c8f8cb,89fda0284e008d2e0c980fb13fc02dd1
1c66012e-d9e0-46ff-83b1-b80a1c30ff89,89fda0284e008d2e0c980fb13fbacb8f
7486bd4c-e729-4a79-9009-aef238c8899e,89fda0284e008d2e0c980fb13fbf2bd5
5152e1d6-613a-4906-9966-d4c72509380e,89fda0284e008d2e0c980fb13fbab3cb
8c8d7d2b-deb6-4d16-82d0-026680a9631a,89fda0284e008d2e0c980fb13fb97355
36628f24-a3e1-4904-9684-8ce0eaec9caf,89fda0284e008d2e0c980fb13fb5e331
e945788a-5e9b-4f88-aed4-5548809f4db1,89fda0284e008d2e0c980fb13fbce343
e448c59f-0a3e-43bc-83a5-2b2d537b67bc,89fda0284e008d2e0c980fb13fb6cc58
f0086780-eebc-4a43-9c0a-ab6d91d1946c,89fda0284e008d2e0c980fb13fbb9c7d
9937b2a4-0f2d-4c45-be60-55c159fdd41e,89fda0284e008d2e0c980fb13fba8679
df49aac8-c03a-4363-bca8-7312af98b0e9,89fda0284e008d2e0c980fb13fbe8c61
600be23b-ac2f-49a8-ba98-4453951d598d,89fda0284e008d2e0c980fb13fbf7e91
e2f52fe8-081e-4d02-a9a1-309022dbdc58,89fda0284e008d2e0c980fb13fbae2b2
e0c904e6-c67d-45d3-9683-3448e69e01df,89fda0284e008d2e0c980fb13fba876b
506fad75-9ee9-4dee-aa78-bc0ae510b520,89fda0284e008d2e0c980fb13fc067b0
67ed696f-8421-4506-96cf-823a9a23e35f,83d5ef14d0ca819665bff318576a4fa5
546a8203-9b5a-4888-9f7b-8672000877d3,89fda0284e008d2e0c980fb13fbcb037
a4391197-2602-4c54-b2de-28bc70c2dffc,89fda0284e008d2e0c980fb13fbe8c61
d9184036-6cde-4ed0-98e0-c299a5c3d92b,89fda0284e008d2e0c980fb13fc04149
c9d58fb1-33d0-43f3-92e7-c1e2dc6b8ebe,89fda0284e008d2e0c980fb13fc00ad4
0ff78e7d-36c1-46e8-a642-4f68de836431,89fda0284e008d2e0c980fb13fba876b
da997644-db04-4973-bbbd-2c8fee25cc4f,89fda0284e008d2e0c980fb13fb8487e
c9f85996-dd32-4f1c-b398-b25bc02017d0,89fda0284e008d2e0c980fb13fc00ad4
01c36af7-3610-4aca-bde3-25f655009446,89fda0284e008d2e0c980fb13fc04149
348d311a-dfdd-47b0-a0b9-d22c0c059ddd,89fda0284e008d2e0c980fb13fbe4a5d
6808fe00-027b-4719-b438-acacf33d3f80,89fda0284e008d2e0c980fb13fc04149
0503e52b-6ada-4fda-b490-037320e3d41f,89fda0284e008d2e0c980fb13fbf2bd5
ef84d67d-feaa-4c19-9674-3f98c5967a11,89fda0284e008d2e0c980fb13fb7188d
aadf69e1-8367-4166-8bca-0ebb5377544e,89fda0284e008d2e0c980fb13fbf1153
4d952c9a-db31-44fe-999b-5b46b506ea89,89fda0284e008d2e0c980fb13fbe12fe
b54c9d40-50a7-48cd-b86e-290136063ac4,89fda0284e008d2e0c980fb13fbc7dce
e0f1eed3-7aa1-4e88-8658-37347ed88da9,89fda0284e008d2e0c980fb13fbb9c7d
7fd65a95-5e3a-4255-97e9-9ab532a1003a,89fda0284e008d2e0c980fb13fbe12fe
654f468b-3057-47b5-b2a4-a4a14fef4a67,89fda0284e008d2e0c980fb13fbcb037
69e9de13-6f88-47ff-9cbf-e975ec867e27,89fda0284e008d2e0c980fb13fba876b
4ab85277-a032-4688-9817-67b8399668d0,89fda0284e008d2e0c980fb13fbc7dce
059b8d95-bd40-4ea7-b0a1-07d0c916395f,89fda0284e008d2e0c980fb13fbaeaee
5ec68712-ce21-4eda-aba5-ac15a4c223d2,89fda0284e008d2e0c980fb13fb5c91a
5b413494-60fd-40e2-88b8-39e550cd823a,89fda0284e008d2e0c980fb13fb7188d
29a13ee3-f1a5-4699-801f-5bd6fb719da0,89fda0284e008d2e0c980fb13fb6ef76
4b43f723-8b2c-4ae1-bfe4-f7f15888c732,89fda0284e008d2e0c980fb13fb6ef76
caf81efc-400e-4806-9831-b7f68b1361e2,89fda0284e008d2e0c980fb13fb94bd2
8a227da2-c46f-4415-865b-ba5ac40d5340,89fda0284e008d2e0c980fb13fbab27d
f3c8134d-3f76-4654-8301-5045257d4081,89fda0284e008d2e0c980fb13fba4eb8
9cf95bcb-97e6-4696-9b89-cd310bec550a,89fda0284e008d2e0c980fb13fc02713
246443f4-ce4d-48b1-bc68-10975d4ca512,89fda0284e008d2e0c980fb13fc02dd1
8cfae66b-e9a4-4474-8dfb-f14303f54cad,89fda0284e008d2e0c980fb13fbae2b2
028d90d9-8e7c-4ff8-8af4-2e5c86165817,89fda0284e008d2e0c980fb13fb6ea3c
971f52fa-a946-4b01-b23f-8cf3f197270d,89fda0284e008d2e0c980fb13fbaa622
0ba6c53c-e7db-42bf-9ab8-a1983ddedac2,89fda0284e008d2e0c980fb13fbae2b2
9b2cb818-6439-490a-82a5-d361e64e9402,89fda0284e008d2e0c980fb13fb97355
66ad9399-3d54-490e-a819-478dfd3166cb,89fda0284e008d2e0c980fb13fbab3cb
942544f9-8ffc-418b-97f2-38ab724882a6,89fda0284e008d2e0c980fb13fbaa622
fd575a5e-1e79-45f3-803d-5891e1f00edd,89fda0284e008d2e0c980fb13fb7188d
8006623b-11f1-457b-814d-0249f4cfeeb6,89fda0284e008d2e0c980fb13fbe73bd
896f23fa-f038-4948-a4a9-33d38b9f0b33,89fda0284e008d2e0c980fb13fbaa622
b79c4a3e-64b2-4df0-8a95-5479491cef08,89fda0284e008d2e0c980fb13fbf7e91
034834af-e005-4487-90eb-104a63a22de3,89fda0284e008d2e0c980fb13fbc7a2d
785e4067-b21b-4650-88b9-80f8b0dc4b9e,89fda0284e008d2e0c980fb13fba8679
5c59b5cb-2ffe-4171-9052-4209cdec950c,89fda0284e008d2e0c980fb13fbf6e0d
482a5c78-5deb-4440-8667-1a27d48a4aed,70c6ba6f55ed21716fe725c214892f9a
3e75b162-3bb0-4e12-aa82-3d9ef24a1d58,89fda0284e008d2e0c980fb13fb7151b
1b86d0df-0872-4ba8-b119-aa28565e34c0,89fda0284e008d2e0c980fb13fbda2e7
123a48c1-f68f-4764-a878-df9e66ff513e,89fda0284e008d2e0c980fb13fbc45c4
ad64ccc6-f5db-46a6-8f18-fc69feaa4272,89fda0284e008d2e0c980fb13fbbc276
e0efc5a3-f76b-4600-a976-604bcc92f353,89fda0284e008d2e0c980fb13fbe7424
293a096e-f41e-407a-ac59-3e97119c4c11,89fda0284e008d2e0c980fb13fb86402
dc5d034d-7bd6-458a-8503-ef1466b8f15f,89fda0284e008d2e0c980fb13fba76d2
142215ed-a75f-42c2-a885-42ef4d399c40,89fda0284e008d2e0c980fb13fc21260
38b9855f-11e5-4cc5-b37b-833660a7e50e,89fda0284e008d2e0c980fb13fb5e4d6
6a9d1771-1085-4103-badb-77d309b50ea0,89fda0284e008d2e0c980fb13fbc7a2d
f1e33932-131e-4436-9b43-190ef8dad06a,89fda0284e008d2e0c980fb13fc144a8
523b5ae3-068a-4d0d-96c9-564fdd66dc59,89fda0284e008d2e0c980fb13fbe28af
3889a2b9-7ca6-4dd1-b7f0-23f255541f21,89fda0284e008d2e0c980fb13fba876b
9419b2ac-1c0d-47d6-a8c9-8f441e7f6c43,89fda0284e008d2e0c980fb13fbe73bd
c14547ae-d925-4914-85c2-25c839dc5e95,89fda0284e008d2e0c980fb13fb61202
88470571-1406-44b0-be8a-f81d8a535be7,89fda0284e008d2e0c980fb13fb792b0
baab7674-0762-4287-8a3c-bd8c71d06f3d,89fda0284e008d2e0c980fb13fbab27d
8895ca7b-66c2-4186-ae76-c05e9f4fc323,89fda0284e008d2e0c980fb13fbabd4b
fbf6665f-d081-4684-9814-1d1eb63d3170,89fda0284e008d2e0c980fb13fc067b0
c021aa7e-cb58-402f-bd1c-f518181d9203,89fda0284e008d2e0c980fb13fbf49a3
c66b52f4-a691-409a-804f-b2a5865128a1,89fda0284e008d2e0c980fb13fc02dd1
1a7edaa7-2d38-4d00-a561-4d426430ae49,83d5ef14d0ca819665bff3185767ec89
1dafc897-7027-45e2-bc47-77d7f9af5f99,89fda0284e008d2e0c980fb13fbd9e96
a4a5e131-aa5d-47c1-a1d4-3809abb551ed,89fda0284e008d2e0c980fb13fbaa622
d0f54e76-5e38-4369-80d2-d596e6809532,89fda0284e008d2e0c980fb13fb6ef76
27b4cde5-df7a-4ab9-a510-669b9b0ff98d,83d5ef14d0ca819665bff318576cc537
e208e0d2-3d8c-4d1c-92ff-baf29c199a15,89fda0284e008d2e0c980fb13fba4eb8
87e29ea7-b868-4995-8b71-0f20564eb3d5,89fda0284e008d2e0c980fb13fb5c91a
0dbb281c-bc41-4897-b73d-8814f81ccafd,89fda0284e008d2e0c980fb13fc1ee4a
76690abf-3d0c-4b2a-be72-35b0297c4f7a,89fda0284e008d2e0c980fb13fbf49a3
a34792d7-7571-4226-a895-6bede2340cfe,89fda0284e008d2e0c980fb13fc1ee4a
76ed7038-29ee-49a4-aab9-1c7e67411c6b,89fda0284e008d2e0c980fb13fb98901
f9f297c6-912b-423c-8599-064cc615d302,89fda0284e008d2e0c980fb13fbc7a2d
5131e784-f924-4f49-95c1-34b46b672efb,89fda0284e008d2e0c980fb13fbe7424
190ecadf-40db-449f-a2f7-1ee910d5aacc,89fda0284e008d2e0c980fb13fbf2bd5
2c7e91f6-4349-4d4a-8b62-7b7472ccdc77,89fda0284e008d2e0c980fb13fc12c4f
0b0e38c7-fb5f-427e-8e4a-cabbfc28f225,89fda0284e008d2e0c980fb13fbe4239
fdb4ce9b-2828-414f-866d-97d371f11be6,89fda0284e008d2e0c980fb13fc04149
f4e3ded2-e1d3-4f9b-a9da-72e87f3fa6d2,89fda0284e008d2e0c980fb13fb6ef76
ba4340ba-8a35-488e-916f-a0eee6cc53e1,89fda0284e008d2e0c980fb13fbda2e7
fb15f8df-30de-42d4-a484-e789fdaf8bd8,89fda0284e008d2e0c980fb13fbeae68
bdefa6c7-3801-460c-afc5-f67508f8db30,89fda0284e008d2e0c980fb13fb86402
e4aa49c1-2937-4007-88d6-71ba8ae58e70,89fda0284e008d2e0c980fb13fbfbaea
84908b87-f975-490c-b531-33482ec50b43,89fda0284e008d2e0c980fb13fc00ad4
f24a77b4-f47e-41d1-badc-15363a9b236d,89fda0284e008d2e0c980fb13fc144a8
f6d0e507-88d6-4551-a982-afd213de16c9,89fda0284e008d2e0c980fb13fbcb037
854cb0f8-c460-416f-9dd9-ae49435da940,89fda0284e008d2e0c980fb13fb6ef76
0b7fcf96-1a94-4228-b1ba-1288e7120258,89fda0284e008d2e0c980fb13fb6f443
918cafea-f565-4c88-8439-4805641b7411,89fda0284e008d2e0c980fb13fc031d3
326968fc-ef99-407d-a91b-b97d66e90808,demo_user_group_bihar
12ef2c22-7b1c-4a43-9abb-61402b63f2cd,89fda0284e008d2e0c980fb13fbda2e7
3110817e-332f-4777-9d2f-f3648e16425e,89fda0284e008d2e0c980fb13fb5e331
a1c3ab62-4747-4df0-9fef-743ab6b17b0b,89fda0284e008d2e0c980fb13fc00ad4
5a2bec09-97b9-4a90-9a3b-6a7173d92350,89fda0284e008d2e0c980fb13fb89aca
aa85ceb6-3b95-49b6-880b-ced381cbbaad,89fda0284e008d2e0c980fb13fbe7424
c6e668b1-c299-44df-9007-35ed93ce3b55,89fda0284e008d2e0c980fb13fb89aca
b4c43214-b625-46a3-b957-2b0076175591,89fda0284e008d2e0c980fb13fb6ef76
fc698f3f-2982-43ca-8f68-e8f11eb38656,89fda0284e008d2e0c980fb13fb606a6
ed3ad6f7-35e5-48b2-925c-357975909763,89fda0284e008d2e0c980fb13fc1ee4a
d97c15fb-5eb8-4cf4-95f4-a34bbcc06bfe,89fda0284e008d2e0c980fb13fbff87c
b3836a6e-9fa9-439b-8e2a-95c440976a24,83d5ef14d0ca819665bff31857694934
7dcee3b6-6ffa-42ff-948e-4ebaba936b58,89fda0284e008d2e0c980fb13fbeae68
0170054b-1abc-4122-84be-2e5595f7e1eb,83d5ef14d0ca819665bff318576c80e2
8c6d76fa-ecca-4c37-b180-5578934f83f6,89fda0284e008d2e0c980fb13fb97355
425d5ac9-b7f1-4619-99a0-50af8a0a1222,89fda0284e008d2e0c980fb13fc02dd1
b835bcab-04c5-4c7c-840d-5d5d236689be,89fda0284e008d2e0c980fb13fc000b9
76912957-eba8-4496-b703-f09ce4bdeabb,89fda0284e008d2e0c980fb13fc04149
ed4434f0-8e19-4919-86f5-7a7fffe03ec5,89fda0284e008d2e0c980fb13fbaeaee
f2ff6f86-8ab1-46f0-9c0b-43f907d567d2,89fda0284e008d2e0c980fb13fba4eb8
0caa71b8-3688-4a99-8594-f63e64d03dc2,89fda0284e008d2e0c980fb13fbda2e7
12dd0388-d8a3-4aef-8c3d-72b612b0032a,89fda0284e008d2e0c980fb13fb6ea3c
d1a5b98c-363d-40cd-879a-52e2162af8be,89fda0284e008d2e0c980fb13fc0ac86
f5abb240-6e79-4b58-9c00-711b22f9783e,89fda0284e008d2e0c980fb13fb7bb85
78cc5a5e-1af3-40d0-ba8d-91a296cb255f,89fda0284e008d2e0c980fb13fbeae68
5adb67cd-12d3-4a1c-bd99-de3e09defca9,89fda0284e008d2e0c980fb13fbd47a7
8bfe3b78-418d-4b09-b33b-b7775d47c496,89fda0284e008d2e0c980fb13fbfbaea
62c039cb-056a-4eba-89f8-dbe5dda5c4cc,89fda0284e008d2e0c980fb13fc144a8
357fcb4d-9a93-4482-a4f9-4c41a522b5f9,83d5ef14d0ca819665bff318576e206b
d1980bab-9363-484a-b8f9-cca4b219642d,89fda0284e008d2e0c980fb13fbcb037
e12c8e80-b5c4-4bb9-abc5-5ea06d6e4b9e,89fda0284e008d2e0c980fb13fbaeaee
1e198272-956e-4b15-a3ae-af7b84d7860b,89fda0284e008d2e0c980fb13fba2b8a
14ede3d4-f64e-42f5-aebd-88f92ee0382d,89fda0284e008d2e0c980fb13fc1634c
db507889-4bea-4ad2-ba9e-f6e0ffd35707,89fda0284e008d2e0c980fb13fb649b6
f8c7af81-bd8e-4dea-b0eb-f0ec75a7fe47,89fda0284e008d2e0c980fb13fc144a8
4ca6152d-090f-44a2-b7a2-5d6abafef66a,89fda0284e008d2e0c980fb13fc00ad4
006d37c9-5dd3-4134-8224-88fa0e334224,89fda0284e008d2e0c980fb13fb9fd42
17711234-b305-4aad-bde9-1058af395bcc,89fda0284e008d2e0c980fb13fbbc276
f88a18cc-df80-47df-9996-330c2184c95e,89fda0284e008d2e0c980fb13fb649b6
41d87153-a7e7-40da-b7e1-b8ee37a614f2,89fda0284e008d2e0c980fb13fb89aca
4eaab2dd-3f08-473d-9cb2-dca562f14fa8,89fda0284e008d2e0c980fb13fb67859
0ae86205-f120-4b21-8340-2ee74948fadb,89fda0284e008d2e0c980fb13fb89aca
61d6c7bc-6f32-469e-bf1a-210c342027da,89fda0284e008d2e0c980fb13fb86402
72a1dfe6-48a8-424d-8603-1cf1f97a9803,89fda0284e008d2e0c980fb13fbaeaee
3034c30b-81a0-4c04-a9de-bb5355f94a3f,89fda0284e008d2e0c980fb13fbaddd0
8a563938-ee3d-4be9-b15f-ad88bc13821c,89fda0284e008d2e0c980fb13fbf49a3
a71267f2-f54b-415c-b96b-b12935df72ff,89fda0284e008d2e0c980fb13fb8bdea
33c8ee15-20f8-407a-a159-186e6dc87882,89fda0284e008d2e0c980fb13fbe4239
66d2ab6e-d7c6-4f02-a388-eec1c08f0ec5,89fda0284e008d2e0c980fb13fbaddd0
ab89cc83-3acd-4155-8d79-23c8ba6226ba,89fda0284e008d2e0c980fb13fbd1d4e
b572b98d-0015-4dc3-8f93-34753b17a696,89fda0284e008d2e0c980fb13fbe3365
afa31da7-1a2e-4a3b-9e70-5b38077606ca,89fda0284e008d2e0c980fb13fbf49a3
6a5f0af5-b0bb-4d7e-b046-5620e38a298a,89fda0284e008d2e0c980fb13fb8487e
517c249f-9eaf-4bbd-b571-9f4ecff3ad0c,89fda0284e008d2e0c980fb13fb62b56
39834555-7477-4646-b834-657da595515d,83d5ef14d0ca819665bff318576e7072
af786488-522c-4be2-96cd-738737ebb4c4,89fda0284e008d2e0c980fb13fbd1d4e
2caf386d-dad4-4d9d-8778-f15e973d7533,89fda0284e008d2e0c980fb13fbb42ed
39a795dd-3431-4698-a0fd-71e53e9e5980,89fda0284e008d2e0c980fb13fbe8c61
24a84620-d378-4847-be7d-5c31a4987561,89fda0284e008d2e0c980fb13fbe4a5d
125fb2a9-d2ce-4fc7-ada1-216802938b6d,89fda0284e008d2e0c980fb13fc07410
bfc4cc97-e154-4888-89e2-546e8c61d49b,89fda0284e008d2e0c980fb13fbe12fe
d50350e8-4251-4009-9fd5-03c9cf449669,89fda0284e008d2e0c980fb13fbd1d4e
067e383c-98c0-4b0f-9876-7b16a7dec436,89fda0284e008d2e0c980fb13fbf1153
118f9c6e-0e42-4cc8-9249-192c64443834,89fda0284e008d2e0c980fb13fbe28af
6d2561c0-2911-4744-a4cf-e70ba6d7be0d,89fda0284e008d2e0c980fb13fb67859
e82adbff-b094-46d9-9a74-1f4f392dbb88,89fda0284e008d2e0c980fb13fbe22f7
c4cd7612-821f-457e-99e7-1b211a074754,89fda0284e008d2e0c980fb13fbc45c4
5687c04b-25a8-49b7-b17e-fe0d293fd875,89fda0284e008d2e0c980fb13fbda2e7
ec575c5f-ad44-40ba-b689-69cbf49b2cf2,89fda0284e008d2e0c980fb13fc00ad4
5f05acf1-dc97-4296-99dd-e20a59108229,89fda0284e008d2e0c980fb13fc067b0
4ef892ab-f537-4f37-bed9-b6367659bfe4,89fda0284e008d2e0c980fb13fb89aca
2c3a826d-5f7b-458e-9ed1-e0c4a9f8e5ed,89fda0284e008d2e0c980fb13fbaa622
f4021e88-0ab7-4fe3-82c3-72c08959aa76,89fda0284e008d2e0c980fb13fbaa008
bd12f0ac-24f7-4064-b34d-638f00636547,89fda0284e008d2e0c980fb13fbaa622
0ed4cc12-5c37-4d1d-973c-02e543e425fb,89fda0284e008d2e0c980fb13fb8bdea
6456f170-43c7-4324-a95e-c3758a5be3b5,89fda0284e008d2e0c980fb13fbd9e96
d754f9d5-ff95-4585-bbe4-384247dec248,89fda0284e008d2e0c980fb13fbf49a3
838693ec-34a9-4529-9af6-94aa926f3ed5,89fda0284e008d2e0c980fb13fbda2e7
df5ecd8d-d475-4ef2-989a-81dd18c35544,89fda0284e008d2e0c980fb13fbc7dce
69f80da0-aab8-4df3-9e55-6ffcb06031b2,89fda0284e008d2e0c980fb13fba876b
cc10d937-7ec9-405e-9003-592a331ec26d,89fda0284e008d2e0c980fb13fbad3f6
2b621efa-64ee-433b-a7a8-dc1ded2c0972,89fda0284e008d2e0c980fb13fbe4a5d
1e10a0b6-7044-4e5b-8ad3-8dad85930c0e,89fda0284e008d2e0c980fb13fb8487e
d2b13ba1-b865-4d4d-81a9-c0472d16697c,89fda0284e008d2e0c980fb13fc0ac86
d0c38f63-13c2-442b-aa8d-7758ab4761e3,89fda0284e008d2e0c980fb13fbc7dce
de5e4ba6-baaf-4a0a-a913-6d819e49fe99,89fda0284e008d2e0c980fb13fbe28af
afd253d6-d743-40d2-87d5-e66d10a353c5,89fda0284e008d2e0c980fb13fbaaa4c
b01765b1-5706-43b3-a332-742476c2aec8,89fda0284e008d2e0c980fb13fb96b2b
bc47aca8-5e58-44c9-8088-0ce6045975ba,89fda0284e008d2e0c980fb13fc1ff2e
86809cfa-a017-42f1-95ee-d2a47f4e386f,89fda0284e008d2e0c980fb13fbbaeca
7fec7c52-0032-42b7-85f3-9205559a8df9,89fda0284e008d2e0c980fb13fbd3ab5
756c958e-f44c-4d33-bea7-3ce79c588612,89fda0284e008d2e0c980fb13fbe4a5d
5d036b00-83ab-4820-b238-f2c96648773d,89fda0284e008d2e0c980fb13fbb371e
94d4df5e-a820-4d55-9858-a837a7fec242,89fda0284e008d2e0c980fb13fb8aa67
fbdad36b-70a8-4a8a-a206-7be11ce84dd7,89fda0284e008d2e0c980fb13fb6f7b0
4963b5a7-e432-4a91-8260-bc0bb398fa83,89fda0284e008d2e0c980fb13fb8aa67
eaac9db5-acb6-4e9f-9805-19d9b67c5848,89fda0284e008d2e0c980fb13fc07f85
b6670841-f409-4783-b1ba-0a851fdfcf89,89fda0284e008d2e0c980fb13fc00ad4
8195ed8a-1341-426c-a716-c15504c060c3,89fda0284e008d2e0c980fb13fb97355
33d160c0-c809-4d8c-87ed-b8ec447e0b39,89fda0284e008d2e0c980fb13fb5c91a
7750e33d-0da6-4d40-98df-aa6a9197c15a,89fda0284e008d2e0c980fb13fc035e2
b25703c9-182f-4b61-9a41-899f4357f816,89fda0284e008d2e0c980fb13fb75d32
be75cdb2-b21b-4c0c-93cc-7a655b703f0e,89fda0284e008d2e0c980fb13fb89aca
9ef9b204-47b0-4cea-87e4-907b61f59eae,89fda0284e008d2e0c980fb13fbe8c61
d301e349-925f-43c2-b043-4ba7518604ab,89fda0284e008d2e0c980fb13fbc8cb6
5edc3a1a-28e3-4810-aaf2-17250ad9afd8,89fda0284e008d2e0c980fb13fb89aca
e7685cec-65cd-46f0-b950-67d20c307f1b,89fda0284e008d2e0c980fb13fc15bd7
62c57ce5-9011-47c3-9ce6-4ffba76a9bd2,89fda0284e008d2e0c980fb13fbf7e91
eb8a0e2e-827f-45d1-ae84-0ef49ab192ea,89fda0284e008d2e0c980fb13fbf7e91
f70e6a49-b68f-4a20-9d57-95f20276a4de,89fda0284e008d2e0c980fb13fbaeaee
d6722344-eff4-48c3-b170-5b87cefc9e98,89fda0284e008d2e0c980fb13fbaddd0
a3a1c22b-7890-4249-80f7-c21719b90cb8,89fda0284e008d2e0c980fb13fb7188d
96005173-2f12-4a08-a068-4f3561802ca3,89fda0284e008d2e0c980fb13fb62b56
a88917d4-890e-4f28-92f6-5515fe834687,89fda0284e008d2e0c980fb13fc04149
7349ee07-6fbb-485a-9e0b-c47afdaae25d,89fda0284e008d2e0c980fb13fb62b56
39d5b7cc-1474-4100-bfc2-4598e09a3a44,89fda0284e008d2e0c980fb13fbd2cf0
44203e16-faf4-4f22-a12e-ba32d7fa33f6,89fda0284e008d2e0c980fb13fbd1d4e
2c77706d-ce12-433a-acc0-6569081bd5f6,89fda0284e008d2e0c980fb13fbe28af
9a1b9451-bd52-4813-bd45-28f9920a07cf,89fda0284e008d2e0c980fb13fc04149
031ded32-42cf-4233-8a5e-e9067bba38ea,89fda0284e008d2e0c980fb13fc04149
93e06f33-e243-47da-a481-c32764bcb261,89fda0284e008d2e0c980fb13fb61202
48936881-2674-4e78-b41e-4f51433b4c27,89fda0284e008d2e0c980fb13fb6f443
2ec9206e-7b08-4038-8700-b133df1ee9a9,89fda0284e008d2e0c980fb13fbacb8f
5a3cce23-e510-4277-bd8b-6e406cd44610,89fda0284e008d2e0c980fb13fbd3ab5
d4d2682b-bf53-4805-957f-46a2eff01923,83d5ef14d0ca819665bff3185767ec89
9a1dd0db-0c42-4378-bc2b-245567591214,83d5ef14d0ca819665bff31857693dfe
afba9fa6-6eb4-43e0-8ced-c019a9a55144,89fda0284e008d2e0c980fb13fb6ea3c
46d2e3f5-d1f7-4ddf-b0eb-d4b044ebb5f7,89fda0284e008d2e0c980fb13fb606a6
5db91b32-9195-4542-b85e-c9182f09d3fe,89fda0284e008d2e0c980fb13fbe28af
6c18c63e-0adc-4cef-ba22-7593618dabdb,89fda0284e008d2e0c980fb13fb67859
9177dce3-c4c3-4894-81b9-9c7ea56deb6c,89fda0284e008d2e0c980fb13fb67859
36d251d1-a314-44f1-9d21-0f326393f8cd,89fda0284e008d2e0c980fb13fb8b514
4b8ef30f-9088-49cb-8b29-99cb8f59ff73,89fda0284e008d2e0c980fb13fb8b514
96e3ff04-917d-4fc4-ab34-82b601cbccea,89fda0284e008d2e0c980fb13fba876b
0fbebea4-65a3-46a6-b1fb-d91c23f699ae,89fda0284e008d2e0c980fb13fc000b9
e4299b66-7c2b-4ce9-a01f-bc658d0f6216,83d5ef14d0ca819665bff318576c80e2
d8b93206-b7ab-4fb1-b6bb-875334d3f462,89fda0284e008d2e0c980fb13fc04149
73912460-d593-448a-a2ad-171214a240da,89fda0284e008d2e0c980fb13fbe4a5d
1135f63d-54c5-4ce9-b9f1-9903ab3bc1e5,89fda0284e008d2e0c980fb13fbd1d4e
87486fc1-f3d4-4953-bb3e-053750788e52,89fda0284e008d2e0c980fb13fb6ea3c
02182d48-26ab-4ecf-a8dd-7b4105273312,83d5ef14d0ca819665bff318576a9007
4c1ea161-c171-44b6-846f-0990b48537ad,89fda0284e008d2e0c980fb13fb5e331
d6b57a3b-fc7f-4007-9ce9-e4754e1f24db,89fda0284e008d2e0c980fb13fbe28af
a94050b8-2b2e-4d89-bd54-1362a11ce59c,89fda0284e008d2e0c980fb13fba4eb8
c7bd7e4e-817a-4298-8b10-2858eaf29c74,89fda0284e008d2e0c980fb13fbf49a3
d3022bd8-2921-43f8-b289-6bfaace9f00b,89fda0284e008d2e0c980fb13fc144a8
b3d9ea56-f8da-4db9-895d-0647f34c19ad,89fda0284e008d2e0c980fb13fc144a8
4df00d1a-edbd-43ba-b9c4-3dbd95a29df6,89fda0284e008d2e0c980fb13fb6f443
2e66f570-0a64-4667-8011-b117b0984e10,89fda0284e008d2e0c980fb13fba2b8a
37e1dd98-5318-406e-a722-0c8d41629365,89fda0284e008d2e0c980fb13fbb42ed
4fdf27d3-adea-4c9c-9a39-5b4d8fcca915,89fda0284e008d2e0c980fb13fb8bdea
71ae18fa-b827-49eb-9c14-3e05951b50bb,89fda0284e008d2e0c980fb13fbc4c73
a4777c82-a0ff-44f6-951f-675d65641677,89fda0284e008d2e0c980fb13fbf49a3
5c75ba56-b8c7-4e87-89dc-8d636104dc5b,89fda0284e008d2e0c980fb13fb67859
b8486041-0bec-4bb5-a593-51c8a21f0e7a,89fda0284e008d2e0c980fb13fbaa622
295ae10c-d1e5-4ac0-b051-1359dac0e96a,89fda0284e008d2e0c980fb13fbc45c4
24e6d9bd-5781-4cad-b61d-706f23cb4f06,89fda0284e008d2e0c980fb13fbcb037
021501d2-f07e-4b3b-9693-f072a7762d21,89fda0284e008d2e0c980fb13fb8bdea
87c9e08c-a1df-4891-9348-798aba13f3c9,89fda0284e008d2e0c980fb13fbfbaea
1decd132-3990-4c8f-ae5d-9747b4e56829,89fda0284e008d2e0c980fb13fc24932
a3a4dc97-08ce-4a8f-b21f-c9946b9b8819,89fda0284e008d2e0c980fb13fbaa622
251a5730-4a2c-48c5-aa3b-83bf34871587,89fda0284e008d2e0c980fb13fbe42d0
9d34b604-b7aa-46ca-8098-7e9be8c20941,89fda0284e008d2e0c980fb13fbf6e0d
5ab0aeb1-bd0b-4e20-b202-c1b75b94f588,89fda0284e008d2e0c980fb13fb8b514
7381ec98-5e69-4ca0-a0b5-51abb9a00738,89fda0284e008d2e0c980fb13fc144a8
048764a2-c331-4150-838d-1957abf995ba,89fda0284e008d2e0c980fb13fbabd4b
61f066fd-ad4f-4fec-a65f-4fa31782ecba,83d5ef14d0ca819665bff318576a4fa5
57fa743d-54d6-4118-800d-4f12d0fa0373,89fda0284e008d2e0c980fb13fb7bb85
ccfe11eb-d003-4c36-91ca-650797ec4e2b,89fda0284e008d2e0c980fb13fb6cc58
af33928c-ba32-47e3-8598-ed5548b804e4,89fda0284e008d2e0c980fb13fbea389
fe5124ba-f6b6-47b4-98aa-0869f9a90408,89fda0284e008d2e0c980fb13fc0ac86
4562a57c-f3c8-4755-820a-3eef900017ad,89fda0284e008d2e0c980fb13fc04149
9a67304d-464e-46eb-acf2-30e742705a38,89fda0284e008d2e0c980fb13fbc7dce
b9bc2cb4-23b8-4ab4-9e84-515375733c75,89fda0284e008d2e0c980fb13fc144a8
2b89c008-19b7-492c-8f69-f54a8c0a3143,89fda0284e008d2e0c980fb13fbf1153
0ed461fd-689f-468f-9b05-f81c248677e0,89fda0284e008d2e0c980fb13fb64240
c42c8714-397e-4857-980a-e7ef766b3697,89fda0284e008d2e0c980fb13fbe73bd
440134e0-2dfc-486b-adec-07949fb9661c,89fda0284e008d2e0c980fb13fbaa622
6b89dcb6-1943-4851-ae98-09ec37ae4b7d,89fda0284e008d2e0c980fb13fbaa622
83e96379-7ba6-4b28-b46e-c151a3b2aa08,89fda0284e008d2e0c980fb13fb5c91a
36a25c8f-97ec-4645-8d6d-7073f902ba78,89fda0284e008d2e0c980fb13fbecfd7
d0c90aed-8553-449a-8731-ac0b45c7a016,89fda0284e008d2e0c980fb13fbecfd7
241cee4c-21e0-4773-ac34-740bc13f6acf,89fda0284e008d2e0c980fb13fba2b8a
c09c8339-4296-435a-9e79-187a283ffb8a,89fda0284e008d2e0c980fb13fb6f443
83ffc678-0e7e-4915-8089-ecdad7c46719,89fda0284e008d2e0c980fb13fbb371e
9f19c9d6-48d6-4e07-accd-1c06e4084c56,89fda0284e008d2e0c980fb13fb97355
cbdef953-ca1f-4b54-997d-0d13bb5faf0a,89fda0284e008d2e0c980fb13fbae2b2
05d0481c-bd98-4ab4-8248-8d6cf2c899d1,89fda0284e008d2e0c980fb13fbb42ed
bff33e29-3028-4aa4-9817-a7faed3c4de4,89fda0284e008d2e0c980fb13fb8bdea
676e66d7-6df1-4246-b581-d5d73a699400,89fda0284e008d2e0c980fb13fbe603a
b764c2a0-05eb-4bad-968e-d46c50a18768,89fda0284e008d2e0c980fb13fbc45c4
2bf7e5b7-637f-45cd-ab81-3a350f7c5799,89fda0284e008d2e0c980fb13fb96b2b
177f690e-5299-41f0-b599-e28f788f6aec,89fda0284e008d2e0c980fb13fb97355
0b3f8524-9d7e-4b59-b6dd-11f5c572a41c,89fda0284e008d2e0c980fb13fc1ee4a
5c672ed4-0a55-4e77-aba6-a17956174d31,89fda0284e008d2e0c980fb13fbaa622
c202673f-401b-4a88-a455-9f99d64efe99,89fda0284e008d2e0c980fb13fc1ee4a
6fd1b70f-d618-4289-b3f2-a3552b1bb629,89fda0284e008d2e0c980fb13fc0f268
2be02ae3-9db7-45be-a7ac-c92f70696c52,89fda0284e008d2e0c980fb13fbd47a7
80c7ab6e-5a60-4d15-b9c5-01461adc4ecd,89fda0284e008d2e0c980fb13fbd1d4e
db20565c-6819-445d-9601-4af218f0fb9e,89fda0284e008d2e0c980fb13fc1ee4a
0fe3d81d-fbdd-4b57-aa7f-c7f9e4c69ed3,89fda0284e008d2e0c980fb13fba876b
4f46805d-2aaf-4a26-b158-9125bdfd6aad,89fda0284e008d2e0c980fb13fbad3f6
8e1a07d8-cd69-40c5-b8f4-5d97440151dc,89fda0284e008d2e0c980fb13fbd1d4e
de281a0b-d0a2-441c-b965-afdfe5a6ec5c,89fda0284e008d2e0c980fb13fb62b56
c5c965e4-2b2e-48d8-95b6-22398bb14df3,89fda0284e008d2e0c980fb13fbd1d4e
c496434b-2906-41bc-9aa4-4d1f33d0e21d,89fda0284e008d2e0c980fb13fbf49a3
802e9d67-2986-4d7d-a7f2-74ab9b4f22b1,89fda0284e008d2e0c980fb13fbd2cf0
a8f74c03-22c7-4d28-b80e-805cdb06889b,89fda0284e008d2e0c980fb13fbd47a7
fbe69613-b98a-4543-bcc3-eedc7c6262fc,89fda0284e008d2e0c980fb13fbaa622
f9c42325-384d-40f4-877b-c74b4b0014f4,89fda0284e008d2e0c980fb13fbaa622
c06c25fe-f50a-4a4f-87f0-99e105d831b4,89fda0284e008d2e0c980fb13fc144a8
26485732-2ea9-4015-aeb0-68d5cfd032cb,89fda0284e008d2e0c980fb13fb7188d
7816df2e-b313-4bcd-ad03-b0eeddd57c99,89fda0284e008d2e0c980fb13fb6f443
95cf9c79-4b15-4bd3-9e88-9dc6c1d2fd7e,89fda0284e008d2e0c980fb13fbacb8f
8bb15768-ffab-44f2-9373-fb7d0130a007,89fda0284e008d2e0c980fb13fb86402
deb77a0a-5792-4a5f-bb1b-1164e48b7c88,89fda0284e008d2e0c980fb13fbaa008
3fa555b0-ca7b-4d09-9d85-77dbb31b48a1,89fda0284e008d2e0c980fb13fb89aca
28f53b45-09bc-47f8-8c9e-5da1ce75620b,89fda0284e008d2e0c980fb13fc00ad4
ce52dd69-6e64-4fd7-8c31-bb59c709a977,89fda0284e008d2e0c980fb13fb6ef76
052d2804-5427-4e68-9b0f-326496842132,89fda0284e008d2e0c980fb13fb61202
e077d50d-c0b8-4111-aa62-b44fcae42829,89fda0284e008d2e0c980fb13fc04149
74b59d33-8333-4e2a-b87a-ef382148aa7a,89fda0284e008d2e0c980fb13fbe8c61
234ad903-79ba-4205-902a-bbdf3af6ef15,89fda0284e008d2e0c980fb13fc144a8
22fb060f-5dfa-4cb6-ae41-ca073ed05104,89fda0284e008d2e0c980fb13fbbc276
3702e1e8-e714-4db4-b1bc-e9ecdea07480,89fda0284e008d2e0c980fb13fb6ef76
45211ee5-6922-4b50-b151-261ec1dd1b5e,89fda0284e008d2e0c980fb13fbe28af
4bda9382-afcf-4aff-9f33-a0e5eaaeec9d,89fda0284e008d2e0c980fb13fbcb037
88053906-5403-460d-b0c3-72db7c71418e,89fda0284e008d2e0c980fb13fbe4239
b5f51f79-81f4-425b-a685-c2b935ad7e41,89fda0284e008d2e0c980fb13fc1ff2e
eb50e97a-435b-4642-ae07-899b77c2ccf2,89fda0284e008d2e0c980fb13fc1ee4a
b8795337-b648-4bae-9e21-002a47eb8a13,89fda0284e008d2e0c980fb13fbe3365
3dff85f8-98b2-44b2-b533-2ea6222a401b,89fda0284e008d2e0c980fb13fb5c91a
efbcbd34-fe9e-46a4-9776-a96ea1824945,89fda0284e008d2e0c980fb13fbda2e7
fd533c77-07fb-4b05-b172-0d128542db04,89fda0284e008d2e0c980fb13fbf49a3
abad8ceb-a17e-4ef1-bfcf-cc99e0c3163c,89fda0284e008d2e0c980fb13fba2b8a
2871449c-e271-46ae-a04f-a9a07f5cfb0e,89fda0284e008d2e0c980fb13fba2b8a
a8edb22b-47cd-4942-8523-513a182a3f1d,89fda0284e008d2e0c980fb13fb6ef76
a1ec3b03-bf0b-4bcb-ad99-0f4b842afa28,89fda0284e008d2e0c980fb13fb8b514
4efd8ec3-4c1c-4f40-8802-da6853dc284a,89fda0284e008d2e0c980fb13fbc6494
10287c41-526f-44a9-ae88-5c1587d73b61,89fda0284e008d2e0c980fb13fb86402
66928447-aa84-4f4b-b03a-52c788eccd26,89fda0284e008d2e0c980fb13fba42ee
ec84065d-a365-422f-a52b-2465c5ecdcb9,89fda0284e008d2e0c980fb13fb6f7b0
42a20d45-7c8c-4cc4-81a2-459543eb3646,89fda0284e008d2e0c980fb13fba3c73
444fa555-69db-47a9-9c2b-3bd752d527ca,89fda0284e008d2e0c980fb13fb5c91a
c879b1b3-2364-41c3-a62e-62f87476d356,89fda0284e008d2e0c980fb13fbd3ab5
f30ea7bf-4fb0-4999-834a-e2cbc5cb5554,89fda0284e008d2e0c980fb13fba876b
69b7dd49-f66b-4811-ae91-b3904970c6e2,89fda0284e008d2e0c980fb13fc067b0
e5fb1436-3d7f-4917-b47f-f6c7da010719,89fda0284e008d2e0c980fb13fbce343
706fe25b-731f-4053-bbb5-ba8a3cb6cf2b,demo_user_group_bihar
94c3358f-a835-44d9-9845-26db7a079c9f,89fda0284e008d2e0c980fb13fc1ff2e
75db278f-dcd3-4d57-ac41-f1fc5f0800c9,89fda0284e008d2e0c980fb13fb97355
bd8df368-e4ef-4ee3-9113-9009d97600e8,89fda0284e008d2e0c980fb13fb6ef76
ab2ad6ff-8501-419f-b001-8d764d2d66dd,89fda0284e008d2e0c980fb13fbf2bd5
891b0104-af5d-4905-9330-fec850f1544a,89fda0284e008d2e0c980fb13fbc6494
49b6dbaa-f98e-451d-9233-93ba65a6720b,89fda0284e008d2e0c980fb13fbaa622
1f7e66de-3ca7-4530-b236-3c59f92738e3,83d5ef14d0ca819665bff3185767b17d
e561a581-6fa5-4e7c-989b-4724824e3e07,89fda0284e008d2e0c980fb13fc0ac86
3622f378-d2b1-4c1a-a0e5-a381dec4e7d2,89fda0284e008d2e0c980fb13fb89aca
40301a5e-c518-41df-a058-176a95bac940,89fda0284e008d2e0c980fb13fbaa622
d6d78bf7-116f-4437-95f3-0ab940b766a7,89fda0284e008d2e0c980fb13fbe4239
35072f68-278c-486e-9ef0-5335a7ee8c38,89fda0284e008d2e0c980fb13fb8bdea
2e3ecd0e-ae9c-4f83-a178-66c5fa2647dc,89fda0284e008d2e0c980fb13fba5a79
a5892b83-62f3-44cd-ac32-ac374f5ff3b5,89fda0284e008d2e0c980fb13fc04149
c4a51c71-cde8-4119-988f-aca303354b73,89fda0284e008d2e0c980fb13fbcb037
847efcd1-c4b7-487d-896a-df260a48cffe,89fda0284e008d2e0c980fb13fc000b9
998d9ad7-7cc6-43ed-89ef-e42ddbbda1b3,89fda0284e008d2e0c980fb13fbe4239
dbf848d0-264f-4d7d-8890-e952c4d2e16b,89fda0284e008d2e0c980fb13fbfbaea
6ef1140d-5f7a-4e18-8286-73738e79a5d3,89fda0284e008d2e0c980fb13fba42ee
e7e6edc7-96ff-4446-999d-1ea9322cdac9,89fda0284e008d2e0c980fb13fc144a8
1ffd5be0-4216-4ac7-a93e-98f944a89afd,89fda0284e008d2e0c980fb13fbc7dce
5a20e01c-00d2-4f1f-8940-d82b09cf5011,89fda0284e008d2e0c980fb13fbe28af
4881e229-e3f2-407c-9c61-751dd96a9cc2,89fda0284e008d2e0c980fb13fbe8c61
c914991c-4bec-44a7-9650-67cb83532a2b,89fda0284e008d2e0c980fb13fbd1d4e
72571a2d-a276-4eab-ac3b-a4492273ae70,89fda0284e008d2e0c980fb13fb685ac
ab247da8-48a2-4d9f-9c7a-19e175aee247,89fda0284e008d2e0c980fb13fbf6e0d
8683ce81-c712-4f94-8ff0-1affb89f2cf9,89fda0284e008d2e0c980fb13fbf7e91
27ed3335-bb23-4bdc-9dad-fabf8bcfe3a7,89fda0284e008d2e0c980fb13fc00ad4
0585844d-fb34-41b0-bb58-7064b751fae6,89fda0284e008d2e0c980fb13fc00ad4
44b3cd10-bff5-4989-a794-51c1db8ca69e,89fda0284e008d2e0c980fb13fc00ad4
d6e2808c-13dc-4c4a-8b1f-dde4cdd43f66,89fda0284e008d2e0c980fb13fbaeaee
010af30b-a98f-4736-84dd-8eb46c05605e,89fda0284e008d2e0c980fb13fb62b56
713e4ea8-f9a4-400f-8913-1210529e279c,89fda0284e008d2e0c980fb13fb61202
86382880-0c56-4898-9295-3a863f6598a6,89fda0284e008d2e0c980fb13fbaa622
1794b7c1-f522-48de-8225-55d8a64bb49a,89fda0284e008d2e0c980fb13fbe4a5d
f41efcec-b791-4660-87a9-33354864e84d,89fda0284e008d2e0c980fb13fc1634c
ec6b226f-8ebf-4640-8933-02f1009f775b,89fda0284e008d2e0c980fb13fbb371e
24730ac1-5d4e-482f-8ca4-9ce41d5db2cc,89fda0284e008d2e0c980fb13fc00ad4
974b48b2-3178-41ae-969d-eaff91aac3ab,89fda0284e008d2e0c980fb13fb8aa67
77071ea0-9ff7-48d6-873f-8c2f6844f09c,89fda0284e008d2e0c980fb13fba42ee
b81cae3b-8c1e-435b-85da-2e9a24b7ac13,89fda0284e008d2e0c980fb13fb94bd2
e32919df-8a52-41fa-b21b-e5ece45071fe,89fda0284e008d2e0c980fb13fb94bd2
d5badb86-9a62-43ad-82ad-faa7a1acb3fc,89fda0284e008d2e0c980fb13fba4eb8
22638dd1-086f-41f0-bd11-e404630d84e6,89fda0284e008d2e0c980fb13fb9b1c3
d65e7ce0-f81b-4d44-a148-e578dce2076e,89fda0284e008d2e0c980fb13fc24932
6aa8183b-b40a-4bd2-9ba4-ff803bb3a43e,89fda0284e008d2e0c980fb13fb97355
671c9064-7497-4f53-b76d-f2207442ab25,89fda0284e008d2e0c980fb13fb5c91a
08643752-5a30-489f-90a7-1879bb146345,89fda0284e008d2e0c980fb13fbaa622
51622b02-ca27-4592-9e80-38324643c754,89fda0284e008d2e0c980fb13fbda2e7
0f0b338c-9728-4a25-8523-1aa90d8b7636,89fda0284e008d2e0c980fb13fc02dd1
23c4fb6f-0a45-4c87-a088-bf8edb7f6d84,89fda0284e008d2e0c980fb13fb8aa67
babc8725-37bc-411e-bd0c-23794cdee366,89fda0284e008d2e0c980fb13fb8bdea
7e992faf-c7a4-4c8c-9b72-24be0df1274b,89fda0284e008d2e0c980fb13fc1ee4a
dcbfe298-ed88-47a4-967e-1e66aa7d16e7,89fda0284e008d2e0c980fb13fb67859
ffb2e864-e480-42ef-81f4-032c407fb133,89fda0284e008d2e0c980fb13fc035e2
3591a5e8-0c64-4165-9b9f-bbf8839418c3,89fda0284e008d2e0c980fb13fbf49a3
02355c4d-58ee-42b2-8097-51948a5d50b8,89fda0284e008d2e0c980fb13fb8bdea
87708926-c571-4d14-be15-924672c8da31,89fda0284e008d2e0c980fb13fb98901
f7d5ec9a-5a69-43db-a744-71bbaa671a75,89fda0284e008d2e0c980fb13fbbc276
0135f041-a84d-4014-9e57-6f51cbda3553,89fda0284e008d2e0c980fb13fb8487e
61af2568-1b94-46b4-9163-5f487de5edd9,89fda0284e008d2e0c980fb13fbd2cf0
72c6b090-7cd3-49d0-bf11-90e44835c273,89fda0284e008d2e0c980fb13fbda2e7
d5355ff5-38b8-4ada-8ab8-55fc6818d2b9,89fda0284e008d2e0c980fb13fbd1d4e
94bfc23c-22da-4204-8855-1c1b767900b4,89fda0284e008d2e0c980fb13fbaaa4c
83370e2c-f701-4466-b596-4f936c6cb331,89fda0284e008d2e0c980fb13fbda2e7
65fb21d4-fe98-4d83-b771-f4b2348d72f3,89fda0284e008d2e0c980fb13fb86402
27992f92-da70-4e03-bdb5-4873f463f1ad,89fda0284e008d2e0c980fb13fba876b
480eefa1-11ac-4157-bc49-7823641e63a3,89fda0284e008d2e0c980fb13fb5c91a
8d2e157a-1119-47b1-9d3e-8d37b7709b42,89fda0284e008d2e0c980fb13fbfbaea
39dd24e5-3a01-4af5-9f8b-a3899b2decc7,89fda0284e008d2e0c980fb13fb67859
fe2db224-47bd-4761-8557-355bed97bfa2,89fda0284e008d2e0c980fb13fc144a8
58f32b7c-1ab9-45f5-b2a0-6efb7c8826b2,89fda0284e008d2e0c980fb13fb6ef76
9e866518-ddd6-433a-84ae-90cff5c2b1bf,89fda0284e008d2e0c980fb13fb6ef76
fcd3ba85-bbe6-40a4-9bca-1dcc1b83ac98,89fda0284e008d2e0c980fb13fba4eb8
13556087-7f1a-44de-8334-9353132bdfbb,89fda0284e008d2e0c980fb13fba2b8a
8199c26f-7c9e-4220-8f58-a2ce0422703b,89fda0284e008d2e0c980fb13fb5e4d6
b0c09abf-b0f7-4683-98a7-5f10be0ffe33,89fda0284e008d2e0c980fb13fb6cc58
51d3b976-2bbd-4ad0-896b-47928bbf6276,89fda0284e008d2e0c980fb13fbc7dce
85b8c2e3-c5a1-4d18-a852-c5186ea3a87f,89fda0284e008d2e0c980fb13fbaa622
97ab1df1-ff6e-4898-9502-1e2725c0e334,89fda0284e008d2e0c980fb13fb7bb85
8ca18590-dbf2-4630-a565-8193b6542beb,89fda0284e008d2e0c980fb13fc035e2
b87d590c-288f-4e07-8521-8ebc7418aa39,89fda0284e008d2e0c980fb13fb6f443
c40a7531-bdf8-465e-957c-2a1bb0916bd1,89fda0284e008d2e0c980fb13fb6ef76
905b8230-5c2a-443f-9cf0-f1f32af4a0ea,89fda0284e008d2e0c980fb13fb5c91a
3cd68d84-494b-4f4b-b5e1-2e46e2d33090,89fda0284e008d2e0c980fb13fc00ad4
7015e5af-da9e-47b3-b6fc-36fa6c7b5c45,89fda0284e008d2e0c980fb13fbc8cb6
8c85eb0c-8820-47e7-a061-e91003814a3f,89fda0284e008d2e0c980fb13fbda2e7
59c8068a-f559-443f-8088-6c7dff0b3b66,89fda0284e008d2e0c980fb13fb67859
f18301df-1edc-42f5-9054-0aa0177bb882,89fda0284e008d2e0c980fb13fbf7e91
479d1b1e-342a-4337-b8b8-810a66b39092,89fda0284e008d2e0c980fb13fba76d2
da864844-790b-4dbb-898b-033f4e1c782f,89fda0284e008d2e0c980fb13fb8b514
9806216f-09ad-49a3-bbe3-fbfd035b3891,89fda0284e008d2e0c980fb13fbaa622
b1d3e861-ca06-4e73-8899-110d9cb432a5,89fda0284e008d2e0c980fb13fb6ea3c
89238a81-0e12-477a-86d8-a7d4f7616932,89fda0284e008d2e0c980fb13fbc7a2d
7cc25db0-a03b-4a68-9d56-4d62b482729a,89fda0284e008d2e0c980fb13fb97355
0f482ab1-695c-462f-8769-0b21d85fffa0,89fda0284e008d2e0c980fb13fbe4a5d
5ad73c59-11bb-40e7-8368-75d396da49d3,89fda0284e008d2e0c980fb13fbe28af
3405fd88-2a40-4c96-b85a-22d82057cfcd,89fda0284e008d2e0c980fb13fba42ee
147e265e-eb5f-440f-8eb7-2cae66a9e0c8,89fda0284e008d2e0c980fb13fbaeaee
e336bf25-e6b6-49c7-823c-289397170d3e,83d5ef14d0ca819665bff3185766d532
87cfa181-af2a-4221-8e31-1215ad3aa76d,89fda0284e008d2e0c980fb13fbaaa4c
8899bbdb-beac-46f4-803f-ed430526f98d,89fda0284e008d2e0c980fb13fbaeaee
de65c44f-92f0-4bc1-a516-a7e7265694c3,89fda0284e008d2e0c980fb13fbc7dce
9bea8c5d-15d8-401c-ad91-6b49b005ab47,83d5ef14d0ca819665bff318576e7072
b2bdb98c-9007-43de-8ef7-bc6330dd883b,89fda0284e008d2e0c980fb13fbce343
2fe39fee-853a-43da-822a-e2f8de7fe2ce,89fda0284e008d2e0c980fb13fc20d99
51b32dcc-4a94-4862-a3ec-bc210c6b8295,89fda0284e008d2e0c980fb13fba2b8a
e472a98d-753f-4e36-8a81-5239e2781d26,89fda0284e008d2e0c980fb13fb62b56
e63a8355-5489-4edb-97df-36960b6e8b47,89fda0284e008d2e0c980fb13fba76d2
009679ce-4c1d-4150-a7ba-319318114cdb,89fda0284e008d2e0c980fb13fb792b0
1db17eb5-175b-467f-baee-9dba747de591,89fda0284e008d2e0c980fb13fbb371e
ed745f04-3391-43bf-b96c-f40a31c4d50b,89fda0284e008d2e0c980fb13fbae2b2
7a841259-4fcf-4b80-b28e-60da8fea7f17,89fda0284e008d2e0c980fb13fba2b8a
9491f868-b2e6-4b5b-a149-8641f2acfbc0,89fda0284e008d2e0c980fb13fb7151b
645cb9ec-51b1-4fe4-87ad-95e60479bdf6,89fda0284e008d2e0c980fb13fbf49a3
5c96ea85-4341-4b4b-8994-f7998ba0b138,89fda0284e008d2e0c980fb13fbaa622
c051ffea-7140-4d84-b9f8-e657876271a9,89fda0284e008d2e0c980fb13fbaa622
5b0ff840-5748-49ba-a5a3-95273d4e4039,89fda0284e008d2e0c980fb13fbff87c
05077e5a-8826-48db-a8c6-98b6a6f950a2,89fda0284e008d2e0c980fb13fc04149
dc4ef412-1285-4dd7-bb46-b19df618759d,89fda0284e008d2e0c980fb13fb97355
fc415e01-8bfb-47dd-ac5f-4c79c8953f6e,89fda0284e008d2e0c980fb13fc000b9
46e24ee2-0d2d-4025-8486-216c35c8d04e,89fda0284e008d2e0c980fb13fb96b2b
4de07f18-fa9b-41f3-a8d4-96f2b05019ce,89fda0284e008d2e0c980fb13fb98901
1ccba34f-bfba-4b85-aac4-e29da4e04d54,89fda0284e008d2e0c980fb13fb97355
7b8d9a58-1c99-406b-9e89-7e99e3d341b6,89fda0284e008d2e0c980fb13fbe4239
d4cdd799-b1da-4b52-a5ae-54356cd2129f,89fda0284e008d2e0c980fb13fb8b514
518b9c95-236d-4c19-ae8d-6ea21509ab4f,89fda0284e008d2e0c980fb13fba42ee
037b34d4-8a2d-4462-9e02-cf5238974aed,89fda0284e008d2e0c980fb13fb7151b
43f7fe33-2c2a-4dce-a790-98e28e4ed3c6,89fda0284e008d2e0c980fb13fb8b514
9b155f87-ea66-4ce7-b6fb-723ccb4f146a,89fda0284e008d2e0c980fb13fb86402
536d1e02-4bf5-4f52-a574-c4b7b270ada2,89fda0284e008d2e0c980fb13fb97355
a2763ae2-03a9-4cda-a2df-2e880973cf23,89fda0284e008d2e0c980fb13fba4eb8
1025642a-f9a9-4123-ad74-d56f3824cf6f,89fda0284e008d2e0c980fb13fb97fda
8fe92d2c-7bee-4d16-9689-b021a40f185b,89fda0284e008d2e0c980fb13fbc6494
dc4beb4a-6a3c-4e1d-a3c0-237eccacacee,89fda0284e008d2e0c980fb13fb94bd2
69ba9449-b2bc-460f-9595-2c3200dcbaee,89fda0284e008d2e0c980fb13fbe22f7
c453acb0-a827-47be-b842-ca6d78615b6c,3c5a80e4db53049dfc110c368a0d1570
2f4e515e-b908-489a-86c1-2e7e59368083,89fda0284e008d2e0c980fb13fc00ad4
47de546d-f524-40b5-b7bc-26252bf6ed62,89fda0284e008d2e0c980fb13fbaa622
da45abfa-f535-48d4-8dc1-63e17b57af20,89fda0284e008d2e0c980fb13fb5c91a
1b7baf6e-dd41-4c31-9f77-cbc98cf9d88a,89fda0284e008d2e0c980fb13fbaa622
8374c535-a3ed-47d7-a808-f8b0a143a90b,89fda0284e008d2e0c980fb13fbab3cb
9d6df302-9d24-4421-922b-980a52a3bb88,89fda0284e008d2e0c980fb13fc1ee4a
5813a4be-ae39-46be-b86b-96fa472a4af3,89fda0284e008d2e0c980fb13fc1ee4a
4e21fefb-276b-478f-85f5-ad292fb4b71e,83d5ef14d0ca819665bff318576cb8fd
95e4d7a7-faf0-44ad-91fc-f8f92c96a069,89fda0284e008d2e0c980fb13fb67859
0883c8fd-cc0d-4cda-96b3-edf7c3bd5273,89fda0284e008d2e0c980fb13fc12c4f
be154295-4065-4f67-b7fc-a8d94fbae052,89fda0284e008d2e0c980fb13fb97355
00060148-5203-46aa-8732-efce58d5e026,83d5ef14d0ca819665bff31857676267
b2f82253-fad9-486c-9527-a26b4209a881,89fda0284e008d2e0c980fb13fb62b56
54a86ad9-2a49-4cb6-918e-2e14ae2c958a,89fda0284e008d2e0c980fb13fbc7a2d
528a51be-cffd-472d-aa65-6e72c8c906ee,89fda0284e008d2e0c980fb13fb85103
00e8903e-3c24-4e3f-8ce9-0508493e9a27,89fda0284e008d2e0c980fb13fba876b
b4c10856-3d12-4d63-8788-733becd431b1,89fda0284e008d2e0c980fb13fb6f163
f89059ee-ed77-49ca-b4cd-5cef14ca339f,89fda0284e008d2e0c980fb13fbe28af
50052f85-6468-419c-9227-6fa7a98913fa,89fda0284e008d2e0c980fb13fb75d32
3afe49d9-e11b-44d5-a024-09fd20d15d29,89fda0284e008d2e0c980fb13fbd47a7
356ce148-94f9-4368-8b0b-afbeb37fc9c4,89fda0284e008d2e0c980fb13fc20d99
9cf3940b-f707-408b-ba54-8eb3d53eb683,83d5ef14d0ca819665bff318576e7072
eeb30c01-d05a-484f-9f80-2d2070ba12d0,89fda0284e008d2e0c980fb13fc144a8
9ef44329-1bd7-4046-a787-bd16b4af91e6,89fda0284e008d2e0c980fb13fbaa622
e2935496-41c5-4d6a-a959-5e77c6fdbdc5,89fda0284e008d2e0c980fb13fbf40c6
84a5af87-febe-4ded-b558-b5ed655e5129,89fda0284e008d2e0c980fb13fba3c73
26df8ebc-4365-41cf-a5b0-5ec9c73430a0,89fda0284e008d2e0c980fb13fc1ff2e
f44f400a-ddbf-48ff-b9a2-3e1ec2aeb953,89fda0284e008d2e0c980fb13fbc8cb6
b28f53ad-335f-4a9b-a5de-3880bcb4722f,89fda0284e008d2e0c980fb13fc035e2
73c1ec4b-e7d3-424a-849f-27476cd6db73,89fda0284e008d2e0c980fb13fbf559c
9dea4de6-8779-4cd1-8c41-16051918d9fa,89fda0284e008d2e0c980fb13fbaa622
1c098891-a121-4c56-9fb6-04be9c56ddab,89fda0284e008d2e0c980fb13fbd9e96
ae4babff-4784-4a32-b559-b6ce8969b5d4,89fda0284e008d2e0c980fb13fbaa622
01e6a6cb-3253-4f85-910d-dfce1d058cac,83d5ef14d0ca819665bff318576c80e2
1e675df0-db7e-4363-9d3f-2b4eba17df8a,89fda0284e008d2e0c980fb13fb6ef76
41efec8d-d126-480d-a691-929f827847d7,89fda0284e008d2e0c980fb13fbab3cb
1c92a46e-8ca9-45f7-9f6f-92548ce3062c,89fda0284e008d2e0c980fb13fc1ee4a
7c0f1ada-6f66-4f66-ba94-739a6914b1e4,89fda0284e008d2e0c980fb13fba42ee
73155708-33ca-40ed-8db3-5fea9f5e4cb5,89fda0284e008d2e0c980fb13fba4eb8
0a3bb1b5-9b5d-4c84-af1d-592622cd75d8,89fda0284e008d2e0c980fb13fc04149
296c9c2f-3f47-4536-bb7c-865dbdc913b2,89fda0284e008d2e0c980fb13fb97355
afdf0c98-c6e5-4cfc-b3e9-6eb3cde1c04e,89fda0284e008d2e0c980fb13fc00ad4
ef5f71cc-1d3f-4953-b6ed-c624e3ffdf2b,89fda0284e008d2e0c980fb13fbeae68
a9508090-482d-4366-aa12-9a8bfb285a6c,89fda0284e008d2e0c980fb13fc12c4f
0249d4bf-301e-4c04-b36c-b24dad3e8a86,89fda0284e008d2e0c980fb13fba4eb8
8a1c7f41-f5ad-45ce-89bf-7c71a1e4ffa8,89fda0284e008d2e0c980fb13fbda2e7
10fa029f-01cc-4fdc-81ff-cb29fe9be9f4,89fda0284e008d2e0c980fb13fc12c4f
952bbcdf-294f-41c4-9e1f-105523de654c,89fda0284e008d2e0c980fb13fb5c91a
6a360bac-3222-4ae4-ba8e-7baf41fbd467,89fda0284e008d2e0c980fb13fb8487e
4e72595f-a375-43ab-a61b-0fd2069e1b52,89fda0284e008d2e0c980fb13fbc7dce
b2e22e07-b2e2-4f67-815b-099c87bf06a8,89fda0284e008d2e0c980fb13fb8b514
5cae4363-5ac7-42da-abb2-f23d071bdc3f,89fda0284e008d2e0c980fb13fbe28af
0f80de06-a6c5-4023-864b-71e62264000d,89fda0284e008d2e0c980fb13fc144a8
b378bd53-f04b-421b-bc4f-b54c0fd61855,89fda0284e008d2e0c980fb13fb64240
658d16e6-d2b6-47bb-bdce-da81eee1470b,89fda0284e008d2e0c980fb13fbaeaee
b85ef222-7895-4d11-86cf-7330f14d7aa1,89fda0284e008d2e0c980fb13fc24932
1c58bd91-e803-4825-9866-2cb247c889ed,83d5ef14d0ca819665bff318576e7072
e81a2605-784b-4075-928b-a1ecfd5b1e55,89fda0284e008d2e0c980fb13fbd47a7
ca72f484-8c64-4fb8-9ab9-fbce7d85a615,89fda0284e008d2e0c980fb13fbd1d4e
141635ee-3a73-44d6-a334-484b417fbc76,89fda0284e008d2e0c980fb13fbfbaea
fcdfe427-6202-41e2-a4f8-eada86304780,89fda0284e008d2e0c980fb13fb6ef76
f2bbbe10-a61f-4e70-bc68-80b26d759bd8,89fda0284e008d2e0c980fb13fbc6494
8fc366ec-d81d-46bc-ac0a-9cc6330d4dd4,89fda0284e008d2e0c980fb13fc0f268
f6ac8ede-e644-4cc8-a406-1d0c60cb9154,89fda0284e008d2e0c980fb13fbe8ed0
a063e987-281a-470b-8669-7c934f5df594,89fda0284e008d2e0c980fb13fc1ff2e
bc7d5d81-ad37-4faa-a0b6-1508d3b568a4,demo_user_group_bihar
9358e7be-d133-4ca1-857d-fe49b03e05ff,89fda0284e008d2e0c980fb13fbae2b2
ddf20b78-9c75-41b7-9f7a-8f7c8c87bec4,89fda0284e008d2e0c980fb13fb6ea3c
b33cdf75-c636-45ac-8ae1-55770bdac764,89fda0284e008d2e0c980fb13fbaa622
c6c1978a-b581-493d-be47-34e5e479db9d,89fda0284e008d2e0c980fb13fb8bdea
08b9db4b-f3fe-41df-a7ee-137f173ab194,89fda0284e008d2e0c980fb13fb5e331
ff59f43d-90db-432e-b375-a35c4511acc2,89fda0284e008d2e0c980fb13fb6ea3c
18b22a1b-e828-49d5-8cee-349221373511,89fda0284e008d2e0c980fb13fb61202
b186f7b3-4649-4639-8c91-925dc44709b7,89fda0284e008d2e0c980fb13fbc8cb6
7ad97948-fd04-4777-8318-65e2b5c08b7c,89fda0284e008d2e0c980fb13fc1ee4a
88d32cdc-5a36-44ba-8331-11bbd7ef66c0,89fda0284e008d2e0c980fb13fb97355
e3e8fc28-d15a-4935-97d6-d97f9219be4a,89fda0284e008d2e0c980fb13fbae2b2
1ea93b4a-dadf-47c3-b945-303f1c974f50,89fda0284e008d2e0c980fb13fc0f268
19d9847c-d9c5-4319-8c8f-e44c34a55771,89fda0284e008d2e0c980fb13fbe7424
1d531554-1074-40ba-ad8c-3ae8cece7a4b,89fda0284e008d2e0c980fb13fbcb037
3d6a17f0-243a-4162-9db3-7636b31b71d8,89fda0284e008d2e0c980fb13fb62b56
1c0e7021-43c0-4c6f-b774-c531b201c7e8,89fda0284e008d2e0c980fb13fbda2e7
be26c1eb-e888-4f9b-9646-462fd7e5ad86,89fda0284e008d2e0c980fb13fc144a8
7d49f3ba-b234-4e6f-940c-866b66dadc0e,89fda0284e008d2e0c980fb13fb7bb85
b8048d1a-0afc-47aa-a3a5-367920951f74,89fda0284e008d2e0c980fb13fbe8c61
49ce1198-a89f-44c4-8c5b-ec00385253a0,89fda0284e008d2e0c980fb13fbc7a2d
b7198627-05f7-4ec0-acff-b06f53208edd,89fda0284e008d2e0c980fb13fbe73bd
df16e1d6-b59a-4a5f-b13f-4568fcf1f13c,89fda0284e008d2e0c980fb13fbf6e0d
095d172e-f975-4b65-9ab0-5f95660b1dcf,89fda0284e008d2e0c980fb13fc04149
5ae26c35-b64e-4c5c-a23f-52c2c17cdf39,89fda0284e008d2e0c980fb13fb6ea3c
64b88538-6ba9-4587-b314-700224939e6b,89fda0284e008d2e0c980fb13fbd47a7
6033ed06-f9c0-40f4-891b-b849a72f1382,89fda0284e008d2e0c980fb13fbacb8f
6a3eaa80-fb25-4506-8224-4e99ae814f3f,89fda0284e008d2e0c980fb13fbe4a5d
eda6dc28-e897-44be-af66-926c22c1506c,89fda0284e008d2e0c980fb13fbaeaee
8e00710a-e22c-4b89-a272-9cfa10d41674,89fda0284e008d2e0c980fb13fb8aa67
cfc9cdc1-8f8b-45c3-9c4d-b28f0708e0a8,89fda0284e008d2e0c980fb13fb96b2b
337a9555-c529-47d3-b624-22567951dd27,83d5ef14d0ca819665bff31857667496
86971d85-1de8-42db-a2ad-f399d771ea07,89fda0284e008d2e0c980fb13fbaa622
c9b63d3f-417e-43c5-a223-ebf26aef7199,89fda0284e008d2e0c980fb13fbaa622
ad16606a-78ef-4478-802c-ba331ad6273b,89fda0284e008d2e0c980fb13fbff87c
329d4cb4-a196-48f0-94a3-0dea4e093fdd,89fda0284e008d2e0c980fb13fb5c91a
5481b279-8c87-4836-9695-28bcb86888f9,89fda0284e008d2e0c980fb13fbd1d4e
e94f16fd-7cd4-4cae-8093-9c7f528afb9a,89fda0284e008d2e0c980fb13fb5e331
aef4dbd5-0470-47f5-a840-e6af9d842371,89fda0284e008d2e0c980fb13fc000b9
f8c923db-32d4-4e99-8df6-6f0935ac6604,89fda0284e008d2e0c980fb13fbc8cb6
519beb75-be5a-482f-8bbd-98425f4a5654,89fda0284e008d2e0c980fb13fbaa622
fd45b451-5e49-4e07-9382-382678d7c28c,89fda0284e008d2e0c980fb13fbabd4b
092c7ab9-a1b2-4ce8-a16d-08129c843d90,89fda0284e008d2e0c980fb13fb67859
12ce39d0-b168-40a4-8334-8bebd787bba8,89fda0284e008d2e0c980fb13fc02dd1
25d0463d-7c36-4205-83bb-2d3b88d097db,89fda0284e008d2e0c980fb13fc21260
700cb668-c783-4d93-896f-19b5d749fc4e,89fda0284e008d2e0c980fb13fb7188d
b4761d54-7f16-4d49-b148-020106e438fe,89fda0284e008d2e0c980fb13fc21260
7a11d49a-824b-47a1-9ea1-6fa0ebed584d,89fda0284e008d2e0c980fb13fb75d32
55353d6b-a618-45ab-be60-84e7b63078f6,89fda0284e008d2e0c980fb13fc067b0
7e1fe006-7082-4ac7-a55f-6bf149c10eb5,89fda0284e008d2e0c980fb13fbd1d4e
e51b039c-6beb-4477-8202-e0b5e1eb9f7b,89fda0284e008d2e0c980fb13fc12c4f
684fa287-d291-40cb-86eb-eb0797c65e25,89fda0284e008d2e0c980fb13fc20d99
1bf428c2-7f1e-4976-a8ee-8b6ed8740b52,89fda0284e008d2e0c980fb13fbcb037
624cda6c-9067-4f08-a4e0-3e364a62093d,89fda0284e008d2e0c980fb13fb6f443
7d9f668a-3b84-4c8d-95c2-9c8de091be5f,89fda0284e008d2e0c980fb13fc144a8
2811d395-2deb-46aa-a56c-68ff26df7934,89fda0284e008d2e0c980fb13fbb371e
f2771860-5a42-4f87-8805-00381d26c782,89fda0284e008d2e0c980fb13fbb371e
a1e1fc20-560a-4163-b670-c065d7b6b7f4,89fda0284e008d2e0c980fb13fc0f268
257ce036-7ebb-4f25-8dac-c7aa2ddcbc42,89fda0284e008d2e0c980fb13fbb371e
d2a7f092-ba3a-4ab8-8cce-0cf4c6391637,89fda0284e008d2e0c980fb13fbae2b2
aba3bfbd-dba8-4462-8674-8f2702ce4cd0,89fda0284e008d2e0c980fb13fbf7e91
68fa8461-2516-473f-a405-7ca4850c50d7,89fda0284e008d2e0c980fb13fb8aa67
d671d48f-edec-40a1-946c-2f0bc2c74075,89fda0284e008d2e0c980fb13fb96b2b
0a5bf24e-597f-48e4-8860-bc84430616f1,89fda0284e008d2e0c980fb13fbd47a7
805cc414-ae64-478b-8b06-8feb4883a918,89fda0284e008d2e0c980fb13fba8679
0fa03eba-e57f-4da6-9ae4-d64b7938f00b,89fda0284e008d2e0c980fb13fc04149
cf5ec191-4b58-4d78-bce1-b18badd87393,89fda0284e008d2e0c980fb13fbda2e7
724c6879-ee92-49f7-8f0c-979de5832260,83d5ef14d0ca819665bff31857666cf7
65df6f48-4728-4a80-9d6e-921b2aa1ee3d,89fda0284e008d2e0c980fb13fc00ad4
78012a35-14ed-491c-b24c-e8032553fef2,89fda0284e008d2e0c980fb13fc12c4f
8a369d27-d17b-432d-8f7e-130bac7fbf1e,89fda0284e008d2e0c980fb13fbd1d4e
54bb1c5d-caf7-422c-88b9-398a92ef0989,89fda0284e008d2e0c980fb13fbda2e7
59ab1c5a-061c-4d5a-8b29-a8d6f9536176,89fda0284e008d2e0c980fb13fb8487e
2c9f38b8-bfab-4970-be4e-6c0005babcb2,89fda0284e008d2e0c980fb13fbe73bd
49004596-54e1-43ae-9113-3e1aaedced34,89fda0284e008d2e0c980fb13fbbc276
37270424-0dda-4982-973c-e792b11b4d6b,89fda0284e008d2e0c980fb13fba4eb8
b72f4a7d-0527-45d1-8562-0e5e92f5af86,89fda0284e008d2e0c980fb13fb6f163
148554cc-e740-4485-8d96-3301a8ac8e46,89fda0284e008d2e0c980fb13fbf7e91
0366ee0e-82ec-4e39-b124-7aa743193d22,83d5ef14d0ca819665bff31857681ad6
0384adf0-9872-46d9-8a01-9da3771ab6fb,89fda0284e008d2e0c980fb13fbe73bd
148b5cb0-a214-4e8d-9f96-07f0fef17ff0,89fda0284e008d2e0c980fb13fbc7a2d
008e5a96-74e4-444e-9f19-1461e2f1b981,89fda0284e008d2e0c980fb13fbaa622
9fcc457b-d3d9-4edc-a35e-e953bb664314,89fda0284e008d2e0c980fb13fbd47a7
49abb159-7663-42a1-a367-9eb6f7b7563d,89fda0284e008d2e0c980fb13fbd47a7
5840912e-b0ac-4c33-abec-a848b4697721,89fda0284e008d2e0c980fb13fbe8c61
a9de7934-ff30-4da7-a6e1-70c4050f39fc,89fda0284e008d2e0c980fb13fbfbaea
c0ddf2fc-09e6-4cb9-abb8-db9490691ea2,89fda0284e008d2e0c980fb13fbd47a7
9116dacd-6050-4b37-b602-3bf6213b05b6,89fda0284e008d2e0c980fb13fb5c91a
87b5bad6-a8c0-41e2-a7da-bf254c455b25,89fda0284e008d2e0c980fb13fbca491
fdffeb50-b8d6-45c2-9771-e686d2611563,89fda0284e008d2e0c980fb13fbb371e
4ae17263-261c-4932-b98d-be67076457ed,89fda0284e008d2e0c980fb13fba2b8a
0899b480-c388-48f3-a829-41faaacb3248,89fda0284e008d2e0c980fb13fbaa008
18bd5b19-3b06-4420-80dd-6a269572afe8,89fda0284e008d2e0c980fb13fb89aca
